WARN (translation.language): source/blender/blentranslation/intern/blt_lang.cc:214 BLT_lang_init: Falling back to standard locale ("C")
Blender 4.5.9 LTS (hash 8bf95cbd38d1 built 2026-04-21 01:30:47)
Read blend: "/Users/xiaruonan/nihongo-art-work/desktop-v1/art-source/desktop-v1/yorimichi-shop.blend"
Fra:1 Mem:124.37M (Peak 124.66M) | Time:00:00.32 | Mem:0.00M, Peak:0.00M | Scene, ViewLayer | Synchronizing object | Foundation plinth
Fra:1 Mem:124.37M (Peak 124.66M) | Time:00:00.32 | Mem:0.00M, Peak:0.00M | Scene, ViewLayer | Synchronizing object | Tongue and groove floor.001
Fra:1 Mem:124.38M (Peak 124.66M) | Time:00:00.32 | Mem:0.00M, Peak:0.00M | Scene, ViewLayer | Synchronizing object | Tongue and groove floor.003
Fra:1 Mem:124.38M (Peak 124.66M) | Time:00:00.32 | Mem:0.00M, Peak:0.00M | Scene, ViewLayer | Synchronizing object | Tongue and groove floor.004
Fra:1 Mem:126.39M (Peak 126.39M) | Time:00:00.32 | Mem:0.00M, Peak:0.00M | Scene, ViewLayer | Synchronizing object | Tongue and groove floor.005
Fra:1 Mem:126.53M (Peak 126.53M) | Time:00:00.32 | Mem:0.00M, Peak:0.00M | Scene, ViewLayer | Synchronizing object | Tongue and groove floor.008
Fra:1 Mem:126.51M (Peak 126.53M) | Time:00:00.32 | Mem:0.00M, Peak:0.00M | Scene, ViewLayer | Synchronizing object | Tongue and groove floor.012
Fra:1 Mem:126.58M (Peak 126.58M) | Time:00:00.32 | Mem:0.00M, Peak:0.00M | Scene, ViewLayer | Synchronizing object | Tongue and groove floor.013
Fra:1 Mem:126.62M (Peak 126.62M) | Time:00:00.32 | Mem:0.00M, Peak:0.00M | Scene, ViewLayer | Synchronizing object | Tongue and groove floor.014
Fra:1 Mem:126.68M (Peak 126.68M) | Time:00:00.32 | Mem:0.00M, Peak:0.00M | Scene, ViewLayer | Synchronizing object | Tongue and groove floor.015
Fra:1 Mem:126.68M (Peak 126.68M) | Time:00:00.32 | Mem:0.00M, Peak:0.00M | Scene, ViewLayer | Synchronizing object | Tongue and groove floor.018
Fra:1 Mem:126.68M (Peak 126.68M) | Time:00:00.32 | Mem:0.00M, Peak:0.00M | Scene, ViewLayer | Synchronizing object | Tongue and groove floor.020
Fra:1 Mem:126.69M (Peak 126.69M) | Time:00:00.32 | Mem:0.00M, Peak:0.00M | Scene, ViewLayer | Synchronizing object | Tongue and groove floor.021
Fra:1 Mem:126.71M (Peak 126.71M) | Time:00:00.32 | Mem:0.00M, Peak:0.00M | Scene, ViewLayer | Synchronizing object | Tongue and groove floor.022
Fra:1 Mem:126.73M (Peak 126.73M) | Time:00:00.32 | Mem:0.00M, Peak:0.00M | Scene, ViewLayer | Synchronizing object | Tongue and groove floor.023
Fra:1 Mem:126.82M (Peak 126.82M) | Time:00:00.32 | Mem:0.00M, Peak:0.00M | Scene, ViewLayer | Synchronizing object | Tongue and groove floor.024
Fra:1 Mem:126.84M (Peak 126.84M) | Time:00:00.32 | Mem:0.00M, Peak:0.00M | Scene, ViewLayer | Synchronizing object | Tongue and groove floor.025
Fra:1 Mem:126.84M (Peak 126.84M) | Time:00:00.32 | Mem:0.00M, Peak:0.00M | Scene, ViewLayer | Synchronizing object | Tongue and groove floor.026
Fra:1 Mem:126.87M (Peak 126.87M) | Time:00:00.32 | Mem:0.00M, Peak:0.00M | Scene, ViewLayer | Synchronizing object | Tongue and groove floor.027
Fra:1 Mem:126.87M (Peak 126.87M) | Time:00:00.32 | Mem:0.00M, Peak:0.00M | Scene, ViewLayer | Synchronizing object | Tongue and groove floor.028
Fra:1 Mem:126.88M (Peak 126.88M) | Time:00:00.32 | Mem:0.00M, Peak:0.00M | Scene, ViewLayer | Synchronizing object | Tongue and groove floor.029
Fra:1 Mem:126.93M (Peak 126.93M) | Time:00:00.32 | Mem:0.00M, Peak:0.00M | Scene, ViewLayer | Synchronizing object | Tongue and groove floor.030
Fra:1 Mem:126.91M (Peak 126.93M) | Time:00:00.32 | Mem:0.00M, Peak:0.00M | Scene, ViewLayer | Synchronizing object | Tongue and groove floor.031
Fra:1 Mem:126.90M (Peak 126.93M) | Time:00:00.32 | Mem:0.00M, Peak:0.00M | Scene, ViewLayer | Synchronizing object | Tongue and groove floor.033
Fra:1 Mem:126.94M (Peak 126.94M) | Time:00:00.32 | Mem:0.00M, Peak:0.00M | Scene, ViewLayer | Synchronizing object | Tongue and groove floor.034
Fra:1 Mem:126.96M (Peak 126.96M) | Time:00:00.32 | Mem:0.00M, Peak:0.00M | Scene, ViewLayer | Synchronizing object | Tongue and groove floor.036
Fra:1 Mem:127.00M (Peak 127.00M) | Time:00:00.32 | Mem:0.00M, Peak:0.00M | Scene, ViewLayer | Synchronizing object | Tongue and groove floor.037
Fra:1 Mem:127.01M (Peak 127.01M) | Time:00:00.32 | Mem:0.00M, Peak:0.00M | Scene, ViewLayer | Synchronizing object | Tongue and groove floor.038
Fra:1 Mem:127.05M (Peak 127.05M) | Time:00:00.32 | Mem:0.00M, Peak:0.00M | Scene, ViewLayer | Synchronizing object | Tongue and groove floor.039
Fra:1 Mem:127.05M (Peak 127.05M) | Time:00:00.32 | Mem:0.00M, Peak:0.00M | Scene, ViewLayer | Synchronizing object | Tongue and groove floor.042
Fra:1 Mem:127.06M (Peak 127.06M) | Time:00:00.32 | Mem:0.00M, Peak:0.00M | Scene, ViewLayer | Synchronizing object | Tongue and groove floor.043
Fra:1 Mem:127.08M (Peak 127.08M) | Time:00:00.32 | Mem:0.00M, Peak:0.00M | Scene, ViewLayer | Synchronizing object | Tongue and groove floor.044
Fra:1 Mem:127.15M (Peak 127.15M) | Time:00:00.32 | Mem:0.00M, Peak:0.00M | Scene, ViewLayer | Synchronizing object | Tongue and groove floor.045
Fra:1 Mem:127.14M (Peak 127.15M) | Time:00:00.32 | Mem:0.00M, Peak:0.00M | Scene, ViewLayer | Synchronizing object | Tongue and groove floor.046
Fra:1 Mem:127.13M (Peak 127.15M) | Time:00:00.32 | Mem:0.00M, Peak:0.00M | Scene, ViewLayer | Synchronizing object | Tongue and groove floor.047
Fra:1 Mem:127.18M (Peak 127.18M) | Time:00:00.32 | Mem:0.00M, Peak:0.00M | Scene, ViewLayer | Synchronizing object | Tongue and groove floor.048
Fra:1 Mem:127.20M (Peak 127.20M) | Time:00:00.32 | Mem:0.00M, Peak:0.00M | Scene, ViewLayer | Synchronizing object | Tongue and groove floor.049
Fra:1 Mem:127.22M (Peak 127.22M) | Time:00:00.33 | Mem:0.00M, Peak:0.00M | Scene, ViewLayer | Synchronizing object | Tongue and groove floor.050
Fra:1 Mem:127.23M (Peak 127.23M) | Time:00:00.33 | Mem:0.00M, Peak:0.00M | Scene, ViewLayer | Synchronizing object | Tongue and groove floor.052
Fra:1 Mem:127.22M (Peak 127.23M) | Time:00:00.33 | Mem:0.00M, Peak:0.00M | Scene, ViewLayer | Synchronizing object | Tongue and groove floor.054
Fra:1 Mem:127.28M (Peak 127.28M) | Time:00:00.33 | Mem:0.00M, Peak:0.00M | Scene, ViewLayer | Synchronizing object | Tongue and groove floor.055
Fra:1 Mem:127.33M (Peak 127.33M) | Time:00:00.33 | Mem:0.00M, Peak:0.00M | Scene, ViewLayer | Synchronizing object | Tongue and groove floor.056
Fra:1 Mem:127.34M (Peak 127.34M) | Time:00:00.33 | Mem:0.00M, Peak:0.00M | Scene, ViewLayer | Synchronizing object | Tongue and groove floor.057
Fra:1 Mem:127.33M (Peak 127.34M) | Time:00:00.33 | Mem:0.00M, Peak:0.00M | Scene, ViewLayer | Synchronizing object | Tongue and groove floor.058
Fra:1 Mem:127.36M (Peak 127.36M) | Time:00:00.33 | Mem:0.00M, Peak:0.00M | Scene, ViewLayer | Synchronizing object | Tongue and groove floor.061
Fra:1 Mem:127.36M (Peak 127.36M) | Time:00:00.33 | Mem:0.00M, Peak:0.00M | Scene, ViewLayer | Synchronizing object | Tongue and groove floor.062
Fra:1 Mem:127.40M (Peak 127.40M) | Time:00:00.33 | Mem:0.00M, Peak:0.00M | Scene, ViewLayer | Synchronizing object | Tongue and groove floor.063
Fra:1 Mem:127.44M (Peak 127.44M) | Time:00:00.33 | Mem:0.00M, Peak:0.00M | Scene, ViewLayer | Synchronizing object | Tongue and groove floor.064
Fra:1 Mem:127.45M (Peak 127.45M) | Time:00:00.33 | Mem:0.00M, Peak:0.00M | Scene, ViewLayer | Synchronizing object | Tongue and groove floor.065
Fra:1 Mem:127.49M (Peak 127.49M) | Time:00:00.33 | Mem:0.00M, Peak:0.00M | Scene, ViewLayer | Synchronizing object | Tongue and groove floor.066
Fra:1 Mem:127.49M (Peak 127.49M) | Time:00:00.33 | Mem:0.00M, Peak:0.00M | Scene, ViewLayer | Synchronizing object | Tongue and groove floor.067
Fra:1 Mem:127.52M (Peak 127.52M) | Time:00:00.33 | Mem:0.00M, Peak:0.00M | Scene, ViewLayer | Synchronizing object | Tongue and groove floor.068
Fra:1 Mem:127.50M (Peak 127.52M) | Time:00:00.33 | Mem:0.00M, Peak:0.00M | Scene, ViewLayer | Synchronizing object | Tongue and groove floor.070
Fra:1 Mem:127.52M (Peak 127.52M) | Time:00:00.33 | Mem:0.00M, Peak:0.00M | Scene, ViewLayer | Synchronizing object | Tongue and groove floor.071
Fra:1 Mem:127.55M (Peak 127.55M) | Time:00:00.33 | Mem:0.00M, Peak:0.00M | Scene, ViewLayer | Synchronizing object | Tongue and groove floor.072
Fra:1 Mem:127.58M (Peak 127.58M) | Time:00:00.33 | Mem:0.00M, Peak:0.00M | Scene, ViewLayer | Synchronizing object | Tongue and groove floor.073
Fra:1 Mem:127.60M (Peak 127.60M) | Time:00:00.33 | Mem:0.00M, Peak:0.00M | Scene, ViewLayer | Synchronizing object | Tongue and groove floor.075
Fra:1 Mem:127.63M (Peak 127.63M) | Time:00:00.33 | Mem:0.00M, Peak:0.00M | Scene, ViewLayer | Synchronizing object | Tongue and groove floor.076
Fra:1 Mem:127.62M (Peak 127.63M) | Time:00:00.33 | Mem:0.00M, Peak:0.00M | Scene, ViewLayer | Synchronizing object | Tongue and groove floor.077
Fra:1 Mem:127.64M (Peak 127.64M) | Time:00:00.33 | Mem:0.00M, Peak:0.00M | Scene, ViewLayer | Synchronizing object | Tongue and groove floor.078
Fra:1 Mem:127.67M (Peak 127.67M) | Time:00:00.33 | Mem:0.00M, Peak:0.00M | Scene, ViewLayer | Synchronizing object | Tongue and groove floor.080
Fra:1 Mem:127.66M (Peak 127.67M) | Time:00:00.33 | Mem:0.00M, Peak:0.00M | Scene, ViewLayer | Synchronizing object | Tongue and groove floor.081
Fra:1 Mem:127.71M (Peak 127.71M) | Time:00:00.33 | Mem:0.00M, Peak:0.00M | Scene, ViewLayer | Synchronizing object | Tongue and groove floor.082
Fra:1 Mem:127.72M (Peak 127.72M) | Time:00:00.33 | Mem:0.00M, Peak:0.00M | Scene, ViewLayer | Synchronizing object | Tongue and groove floor.084
Fra:1 Mem:127.75M (Peak 127.75M) | Time:00:00.33 | Mem:0.00M, Peak:0.00M | Scene, ViewLayer | Synchronizing object | Tongue and groove floor.085
Fra:1 Mem:127.76M (Peak 127.76M) | Time:00:00.33 | Mem:0.00M, Peak:0.00M | Scene, ViewLayer | Synchronizing object | Tongue and groove floor.086
Fra:1 Mem:127.78M (Peak 127.78M) | Time:00:00.33 | Mem:0.00M, Peak:0.00M | Scene, ViewLayer | Synchronizing object | Tongue and groove floor.087
Fra:1 Mem:127.83M (Peak 127.83M) | Time:00:00.33 | Mem:0.00M, Peak:0.00M | Scene, ViewLayer | Synchronizing object | Tongue and groove floor.088
Fra:1 Mem:127.84M (Peak 127.84M) | Time:00:00.33 | Mem:0.00M, Peak:0.00M | Scene, ViewLayer | Synchronizing object | Tongue and groove floor.089
Fra:1 Mem:127.85M (Peak 127.85M) | Time:00:00.33 | Mem:0.00M, Peak:0.00M | Scene, ViewLayer | Synchronizing object | Tongue and groove floor.090
Fra:1 Mem:127.86M (Peak 127.86M) | Time:00:00.33 | Mem:0.00M, Peak:0.00M | Scene, ViewLayer | Synchronizing object | Tongue and groove floor.092
Fra:1 Mem:127.88M (Peak 127.88M) | Time:00:00.33 | Mem:0.00M, Peak:0.00M | Scene, ViewLayer | Synchronizing object | Tongue and groove floor.093
Fra:1 Mem:127.92M (Peak 127.92M) | Time:00:00.33 | Mem:0.00M, Peak:0.00M | Scene, ViewLayer | Synchronizing object | Tongue and groove floor.094
Fra:1 Mem:127.94M (Peak 127.94M) | Time:00:00.33 | Mem:0.00M, Peak:0.00M | Scene, ViewLayer | Synchronizing object | Tongue and groove floor.095
Fra:1 Mem:127.97M (Peak 127.97M) | Time:00:00.33 | Mem:0.00M, Peak:0.00M | Scene, ViewLayer | Synchronizing object | Full side plaster wall
Fra:1 Mem:127.95M (Peak 127.97M) | Time:00:00.33 | Mem:0.00M, Peak:0.00M | Scene, ViewLayer | Synchronizing object | Upper storey front plaster
Fra:1 Mem:127.96M (Peak 127.97M) | Time:00:00.33 | Mem:0.00M, Peak:0.00M | Scene, ViewLayer | Synchronizing object | Interior ceiling
Fra:1 Mem:128.00M (Peak 128.00M) | Time:00:00.33 | Mem:0.00M, Peak:0.00M | Scene, ViewLayer | Synchronizing object | Mortised facade upright
Fra:1 Mem:127.98M (Peak 128.00M) | Time:00:00.33 | Mem:0.00M, Peak:0.00M | Scene, ViewLayer | Synchronizing object | Mortised facade upright.001
Fra:1 Mem:128.03M (Peak 128.03M) | Time:00:00.33 | Mem:0.00M, Peak:0.00M | Scene, ViewLayer | Synchronizing object | Mortised facade upright.002
Fra:1 Mem:128.08M (Peak 128.08M) | Time:00:00.33 | Mem:0.00M, Peak:0.00M | Scene, ViewLayer | Synchronizing object | Mortised facade upright.003
Fra:1 Mem:128.10M (Peak 128.10M) | Time:00:00.33 | Mem:0.00M, Peak:0.00M | Scene, ViewLayer | Synchronizing object | Entrance lintel
Fra:1 Mem:128.10M (Peak 128.10M) | Time:00:00.33 | Mem:0.00M, Peak:0.00M | Scene, ViewLayer | Synchronizing object | Panel lower apron
Fra:1 Mem:128.11M (Peak 128.11M) | Time:00:00.33 | Mem:0.00M, Peak:0.00M | Scene, ViewLayer | Synchronizing object | Window inner jamb
Fra:1 Mem:128.12M (Peak 128.12M) | Time:00:00.33 | Mem:0.00M, Peak:0.00M | Scene, ViewLayer | Synchronizing object | Window top rebate
Fra:1 Mem:128.13M (Peak 128.13M) | Time:00:00.33 | Mem:0.00M, Peak:0.00M | Scene, ViewLayer | Synchronizing object | Recessed glazing
Fra:1 Mem:128.18M (Peak 128.18M) | Time:00:00.33 | Mem:0.00M, Peak:0.00M | Scene, ViewLayer | Synchronizing object | Slender glazing mullion
Fra:1 Mem:128.20M (Peak 128.20M) | Time:00:00.33 | Mem:0.00M, Peak:0.00M | Scene, ViewLayer | Synchronizing object | Recessed glazing.001
Fra:1 Mem:128.23M (Peak 128.23M) | Time:00:00.33 | Mem:0.00M, Peak:0.00M | Scene, ViewLayer | Synchronizing object | Slender glazing mullion.001
Fra:1 Mem:128.25M (Peak 128.25M) | Time:00:00.33 | Mem:0.00M, Peak:0.00M | Scene, ViewLayer | Synchronizing object | Recessed glazing.002
Fra:1 Mem:128.26M (Peak 128.26M) | Time:00:00.33 | Mem:0.00M, Peak:0.00M | Scene, ViewLayer | Synchronizing object | Slender glazing mullion.002
Fra:1 Mem:128.26M (Peak 128.26M) | Time:00:00.33 | Mem:0.00M, Peak:0.00M | Scene, ViewLayer | Synchronizing object | Apron vertical slat
Fra:1 Mem:128.27M (Peak 128.27M) | Time:00:00.33 | Mem:0.00M, Peak:0.00M | Scene, ViewLayer | Synchronizing object | Apron vertical slat.002
Fra:1 Mem:128.29M (Peak 128.29M) | Time:00:00.33 | Mem:0.00M, Peak:0.00M | Scene, ViewLayer | Synchronizing object | Apron vertical slat.003
Fra:1 Mem:128.34M (Peak 128.34M) | Time:00:00.33 | Mem:0.00M, Peak:0.00M | Scene, ViewLayer | Synchronizing object | Apron vertical slat.004
Fra:1 Mem:128.36M (Peak 128.36M) | Time:00:00.33 | Mem:0.00M, Peak:0.00M | Scene, ViewLayer | Synchronizing object | Apron vertical slat.005
Fra:1 Mem:128.39M (Peak 128.39M) | Time:00:00.33 | Mem:0.00M, Peak:0.00M | Scene, ViewLayer | Synchronizing object | Apron vertical slat.006
Fra:1 Mem:128.39M (Peak 128.39M) | Time:00:00.33 | Mem:0.00M, Peak:0.00M | Scene, ViewLayer | Synchronizing object | Apron vertical slat.007
Fra:1 Mem:128.40M (Peak 128.40M) | Time:00:00.33 | Mem:0.00M, Peak:0.00M | Scene, ViewLayer | Synchronizing object | Apron vertical slat.009
Fra:1 Mem:128.40M (Peak 128.40M) | Time:00:00.33 | Mem:0.00M, Peak:0.00M | Scene, ViewLayer | Synchronizing object | Apron vertical slat.011
Fra:1 Mem:128.40M (Peak 128.40M) | Time:00:00.33 | Mem:0.00M, Peak:0.00M | Scene, ViewLayer | Synchronizing object | Apron vertical slat.012
Fra:1 Mem:128.44M (Peak 128.44M) | Time:00:00.33 | Mem:0.00M, Peak:0.00M | Scene, ViewLayer | Synchronizing object | Apron vertical slat.013
Fra:1 Mem:128.49M (Peak 128.49M) | Time:00:00.33 | Mem:0.00M, Peak:0.00M | Scene, ViewLayer | Synchronizing object | Panel lower apron.001
Fra:1 Mem:128.49M (Peak 128.49M) | Time:00:00.33 | Mem:0.00M, Peak:0.00M | Scene, ViewLayer | Synchronizing object | Window inner jamb.002
Fra:1 Mem:128.51M (Peak 128.51M) | Time:00:00.33 | Mem:0.00M, Peak:0.00M | Scene, ViewLayer | Synchronizing object | Window inner jamb.003
Fra:1 Mem:128.50M (Peak 128.51M) | Time:00:00.33 | Mem:0.00M, Peak:0.00M | Scene, ViewLayer | Synchronizing object | Window top rebate.001
Fra:1 Mem:128.52M (Peak 128.52M) | Time:00:00.33 | Mem:0.00M, Peak:0.00M | Scene, ViewLayer | Synchronizing object | Recessed glazing.003
Fra:1 Mem:128.54M (Peak 128.54M) | Time:00:00.33 | Mem:0.00M, Peak:0.00M | Scene, ViewLayer | Synchronizing object | Slender glazing mullion.003
Fra:1 Mem:128.55M (Peak 128.55M) | Time:00:00.33 | Mem:0.00M, Peak:0.00M | Scene, ViewLayer | Synchronizing object | Recessed glazing.004
Fra:1 Mem:128.55M (Peak 128.55M) | Time:00:00.33 | Mem:0.00M, Peak:0.00M | Scene, ViewLayer | Synchronizing object | Slender glazing mullion.004
Fra:1 Mem:128.58M (Peak 128.59M) | Time:00:00.33 | Mem:0.00M, Peak:0.00M | Scene, ViewLayer | Synchronizing object | Slender glazing mullion.005
Fra:1 Mem:128.60M (Peak 128.60M) | Time:00:00.33 | Mem:0.00M, Peak:0.00M | Scene, ViewLayer | Synchronizing object | Window mid transom.001
Fra:1 Mem:128.63M (Peak 128.63M) | Time:00:00.33 | Mem:0.00M, Peak:0.00M | Scene, ViewLayer | Synchronizing object | Apron vertical slat.014
Fra:1 Mem:128.66M (Peak 128.66M) | Time:00:00.33 | Mem:0.00M, Peak:0.00M | Scene, ViewLayer | Synchronizing object | Apron vertical slat.016
Fra:1 Mem:128.68M (Peak 128.68M) | Time:00:00.33 | Mem:0.00M, Peak:0.00M | Scene, ViewLayer | Synchronizing object | Apron vertical slat.017
Fra:1 Mem:128.69M (Peak 128.69M) | Time:00:00.33 | Mem:0.00M, Peak:0.00M | Scene, ViewLayer | Synchronizing object | Apron vertical slat.018
Fra:1 Mem:128.72M (Peak 128.72M) | Time:00:00.33 | Mem:0.00M, Peak:0.00M | Scene, ViewLayer | Synchronizing object | Apron vertical slat.020
Fra:1 Mem:128.75M (Peak 128.75M) | Time:00:00.33 | Mem:0.00M, Peak:0.00M | Scene, ViewLayer | Synchronizing object | Apron vertical slat.021
Fra:1 Mem:128.73M (Peak 128.75M) | Time:00:00.33 | Mem:0.00M, Peak:0.00M | Scene, ViewLayer | Synchronizing object | Apron vertical slat.022
Fra:1 Mem:128.79M (Peak 128.79M) | Time:00:00.33 | Mem:0.00M, Peak:0.00M | Scene, ViewLayer | Synchronizing object | Apron vertical slat.023
Fra:1 Mem:128.77M (Peak 128.79M) | Time:00:00.33 | Mem:0.00M, Peak:0.00M | Scene, ViewLayer | Synchronizing object | Apron vertical slat.024
Fra:1 Mem:128.79M (Peak 128.79M) | Time:00:00.33 | Mem:0.00M, Peak:0.00M | Scene, ViewLayer | Synchronizing object | Apron vertical slat.026
Fra:1 Mem:128.80M (Peak 128.80M) | Time:00:00.33 | Mem:0.00M, Peak:0.00M | Scene, ViewLayer | Synchronizing object | Apron vertical slat.027
Fra:1 Mem:128.82M (Peak 128.82M) | Time:00:00.33 | Mem:0.00M, Peak:0.00M | Scene, ViewLayer | Synchronizing object | Upper timber stile
Fra:1 Mem:128.84M (Peak 128.84M) | Time:00:00.33 | Mem:0.00M, Peak:0.00M | Scene, ViewLayer | Synchronizing object | Upper timber stile.001
Fra:1 Mem:128.88M (Peak 128.88M) | Time:00:00.33 | Mem:0.00M, Peak:0.00M | Scene, ViewLayer | Synchronizing object | Upper timber stile.002
Fra:1 Mem:128.87M (Peak 128.88M) | Time:00:00.33 | Mem:0.00M, Peak:0.00M | Scene, ViewLayer | Synchronizing object | Upper timber stile.005
Fra:1 Mem:128.92M (Peak 128.92M) | Time:00:00.33 | Mem:0.00M, Peak:0.00M | Scene, ViewLayer | Synchronizing object | Sign backing
Fra:1 Mem:128.92M (Peak 128.92M) | Time:00:00.33 | Mem:0.00M, Peak:0.00M | Scene, ViewLayer | Synchronizing object | Sign inset
Fra:1 Mem:128.95M (Peak 128.95M) | Time:00:00.33 | Mem:0.00M, Peak:0.00M | Scene, ViewLayer | Synchronizing object | Sign mounting pin
Fra:1 Mem:128.99M (Peak 128.99M) | Time:00:00.33 | Mem:0.00M, Peak:0.00M | Scene, ViewLayer | Synchronizing object | Sign mounting pin.001
Fra:1 Mem:128.97M (Peak 128.99M) | Time:00:00.33 | Mem:0.00M, Peak:0.00M | Scene, ViewLayer | Synchronizing object | Sign mounting pin.003
Fra:1 Mem:128.98M (Peak 128.99M) | Time:00:00.33 | Mem:0.00M, Peak:0.00M | Scene, ViewLayer | Synchronizing object | Upper frosted pane
Fra:1 Mem:128.97M (Peak 128.99M) | Time:00:00.33 | Mem:0.00M, Peak:0.00M | Scene, ViewLayer | Synchronizing object | Upper frame rail
Fra:1 Mem:128.98M (Peak 128.99M) | Time:00:00.33 | Mem:0.00M, Peak:0.00M | Scene, ViewLayer | Synchronizing object | Upper lattice
Fra:1 Mem:129.10M (Peak 129.10M) | Time:00:00.33 | Mem:0.00M, Peak:0.00M | Scene, ViewLayer | Synchronizing object | Upper lattice.001
Fra:1 Mem:129.12M (Peak 129.12M) | Time:00:00.33 | Mem:0.00M, Peak:0.00M | Scene, ViewLayer | Synchronizing object | Upper lattice.002
Fra:1 Mem:129.12M (Peak 129.12M) | Time:00:00.33 | Mem:0.00M, Peak:0.00M | Scene, ViewLayer | Synchronizing object | Upper lattice.005
Fra:1 Mem:129.13M (Peak 129.13M) | Time:00:00.33 | Mem:0.00M, Peak:0.00M | Scene, ViewLayer | Synchronizing object | Upper lattice.007
Fra:1 Mem:129.18M (Peak 129.18M) | Time:00:00.33 | Mem:0.00M, Peak:0.00M | Scene, ViewLayer | Synchronizing object | Upper lattice.008
Fra:1 Mem:129.21M (Peak 129.21M) | Time:00:00.33 | Mem:0.00M, Peak:0.00M | Scene, ViewLayer | Synchronizing object | Deep upper sill
Fra:1 Mem:129.22M (Peak 129.22M) | Time:00:00.33 | Mem:0.00M, Peak:0.00M | Scene, ViewLayer | Synchronizing object | Upper window dark reveal.001
Fra:1 Mem:129.25M (Peak 129.25M) | Time:00:00.33 | Mem:0.00M, Peak:0.00M | Scene, ViewLayer | Synchronizing object | Upper frosted pane.001
Fra:1 Mem:129.27M (Peak 129.27M) | Time:00:00.33 | Mem:0.00M, Peak:0.00M | Scene, ViewLayer | Synchronizing object | Upper window jamb.002
Fra:1 Mem:129.27M (Peak 129.27M) | Time:00:00.33 | Mem:0.00M, Peak:0.00M | Scene, ViewLayer | Synchronizing object | Upper frame rail.003
Fra:1 Mem:129.30M (Peak 129.30M) | Time:00:00.33 | Mem:0.00M, Peak:0.00M | Scene, ViewLayer | Synchronizing object | Upper lattice.009
Fra:1 Mem:129.33M (Peak 129.33M) | Time:00:00.33 | Mem:0.00M, Peak:0.00M | Scene, ViewLayer | Synchronizing object | Upper lattice.010
Fra:1 Mem:129.35M (Peak 129.35M) | Time:00:00.33 | Mem:0.00M, Peak:0.00M | Scene, ViewLayer | Synchronizing object | Upper lattice.011
Fra:1 Mem:129.38M (Peak 129.38M) | Time:00:00.33 | Mem:0.00M, Peak:0.00M | Scene, ViewLayer | Synchronizing object | Upper lattice.012
Fra:1 Mem:129.39M (Peak 129.39M) | Time:00:00.33 | Mem:0.00M, Peak:0.00M | Scene, ViewLayer | Synchronizing object | Upper lattice.013
Fra:1 Mem:129.41M (Peak 129.41M) | Time:00:00.33 | Mem:0.00M, Peak:0.00M | Scene, ViewLayer | Synchronizing object | Upper lattice.014
Fra:1 Mem:129.42M (Peak 129.42M) | Time:00:00.33 | Mem:0.00M, Peak:0.00M | Scene, ViewLayer | Synchronizing object | Upper lattice.016
Fra:1 Mem:129.44M (Peak 129.44M) | Time:00:00.33 | Mem:0.00M, Peak:0.00M | Scene, ViewLayer | Synchronizing object | Upper lattice.017
Fra:1 Mem:129.48M (Peak 129.48M) | Time:00:00.33 | Mem:0.00M, Peak:0.00M | Scene, ViewLayer | Synchronizing object | Deep upper sill.001
Fra:1 Mem:129.49M (Peak 129.49M) | Time:00:00.33 | Mem:0.00M, Peak:0.00M | Scene, ViewLayer | Synchronizing object | Upper window dark reveal.002
Fra:1 Mem:129.49M (Peak 129.49M) | Time:00:00.33 | Mem:0.00M, Peak:0.00M | Scene, ViewLayer | Synchronizing object | Upper frosted pane.002
Fra:1 Mem:129.52M (Peak 129.52M) | Time:00:00.33 | Mem:0.00M, Peak:0.00M | Scene, ViewLayer | Synchronizing object | Upper window jamb.004
Fra:1 Mem:129.52M (Peak 129.52M) | Time:00:00.33 | Mem:0.00M, Peak:0.00M | Scene, ViewLayer | Synchronizing object | Upper frame rail.005
Fra:1 Mem:129.54M (Peak 129.54M) | Time:00:00.33 | Mem:0.00M, Peak:0.00M | Scene, ViewLayer | Synchronizing object | Upper lattice.018
Fra:1 Mem:129.56M (Peak 129.56M) | Time:00:00.33 | Mem:0.00M, Peak:0.00M | Scene, ViewLayer | Synchronizing object | Upper lattice.019
Fra:1 Mem:129.58M (Peak 129.58M) | Time:00:00.33 | Mem:0.00M, Peak:0.00M | Scene, ViewLayer | Synchronizing object | Upper lattice.020
Fra:1 Mem:129.64M (Peak 129.64M) | Time:00:00.33 | Mem:0.00M, Peak:0.00M | Scene, ViewLayer | Synchronizing object | Upper lattice.021
Fra:1 Mem:129.63M (Peak 129.64M) | Time:00:00.33 | Mem:0.00M, Peak:0.00M | Scene, ViewLayer | Synchronizing object | Upper lattice.022
Fra:1 Mem:129.66M (Peak 129.66M) | Time:00:00.33 | Mem:0.00M, Peak:0.00M | Scene, ViewLayer | Synchronizing object | Upper lattice.023
Fra:1 Mem:129.68M (Peak 129.68M) | Time:00:00.33 | Mem:0.00M, Peak:0.00M | Scene, ViewLayer | Synchronizing object | Upper lattice.024
Fra:1 Mem:129.68M (Peak 129.68M) | Time:00:00.33 | Mem:0.00M, Peak:0.00M | Scene, ViewLayer | Synchronizing object | Upper lattice.026
Fra:1 Mem:129.69M (Peak 129.69M) | Time:00:00.33 | Mem:0.00M, Peak:0.00M | Scene, ViewLayer | Synchronizing object | Deep upper sill.002
Fra:1 Mem:129.75M (Peak 129.75M) | Time:00:00.33 | Mem:0.00M, Peak:0.00M | Scene, ViewLayer | Synchronizing object | Roof fascia
Fra:1 Mem:129.76M (Peak 129.76M) | Time:00:00.33 | Mem:0.00M, Peak:0.00M | Scene, ViewLayer | Synchronizing object | Roof fascia.001
Fra:1 Mem:129.76M (Peak 129.76M) | Time:00:00.33 | Mem:0.00M, Peak:0.00M | Scene, ViewLayer | Synchronizing object | Downpipe wall bracket
Fra:1 Mem:129.79M (Peak 129.79M) | Time:00:00.33 | Mem:0.00M, Peak:0.00M | Scene, ViewLayer | Synchronizing object | Downpipe wall bracket.001
Fra:1 Mem:129.81M (Peak 129.81M) | Time:00:00.33 | Mem:0.00M, Peak:0.00M | Scene, ViewLayer | Synchronizing object | Downpipe wall bracket.002
Fra:1 Mem:129.82M (Peak 129.82M) | Time:00:00.33 | Mem:0.00M, Peak:0.00M | Scene, ViewLayer | Synchronizing object | Downpipe wall bracket.003
Fra:1 Mem:129.82M (Peak 129.82M) | Time:00:00.33 | Mem:0.00M, Peak:0.00M | Scene, ViewLayer | Synchronizing object | Downpipe wall bracket.005
Fra:1 Mem:129.81M (Peak 129.82M) | Time:00:00.33 | Mem:0.00M, Peak:0.00M | Scene, ViewLayer | Synchronizing object | Counter fluted batten
Fra:1 Mem:129.88M (Peak 129.88M) | Time:00:00.33 | Mem:0.00M, Peak:0.00M | Scene, ViewLayer | Synchronizing object | Counter fluted batten.001
Fra:1 Mem:129.87M (Peak 129.88M) | Time:00:00.33 | Mem:0.00M, Peak:0.00M | Scene, ViewLayer | Synchronizing object | Counter fluted batten.002
Fra:1 Mem:129.89M (Peak 129.89M) | Time:00:00.33 | Mem:0.00M, Peak:0.00M | Scene, ViewLayer | Synchronizing object | Counter fluted batten.003
Fra:1 Mem:129.89M (Peak 129.89M) | Time:00:00.33 | Mem:0.00M, Peak:0.00M | Scene, ViewLayer | Synchronizing object | Counter fluted batten.004
Fra:1 Mem:129.94M (Peak 129.94M) | Time:00:00.33 | Mem:0.00M, Peak:0.00M | Scene, ViewLayer | Synchronizing object | Counter fluted batten.005
Fra:1 Mem:129.97M (Peak 129.97M) | Time:00:00.33 | Mem:0.00M, Peak:0.00M | Scene, ViewLayer | Synchronizing object | Counter fluted batten.006
Fra:1 Mem:129.96M (Peak 129.97M) | Time:00:00.33 | Mem:0.00M, Peak:0.00M | Scene, ViewLayer | Synchronizing object | Counter fluted batten.007
Fra:1 Mem:129.98M (Peak 129.98M) | Time:00:00.33 | Mem:0.00M, Peak:0.00M | Scene, ViewLayer | Synchronizing object | Counter fluted batten.008
Fra:1 Mem:129.99M (Peak 129.99M) | Time:00:00.33 | Mem:0.00M, Peak:0.00M | Scene, ViewLayer | Synchronizing object | Counter fluted batten.009
Fra:1 Mem:130.03M (Peak 130.03M) | Time:00:00.33 | Mem:0.00M, Peak:0.00M | Scene, ViewLayer | Synchronizing object | Counter fluted batten.010
Fra:1 Mem:130.05M (Peak 130.05M) | Time:00:00.33 | Mem:0.00M, Peak:0.00M | Scene, ViewLayer | Synchronizing object | Counter fluted batten.011
Fra:1 Mem:130.05M (Peak 130.05M) | Time:00:00.33 | Mem:0.00M, Peak:0.00M | Scene, ViewLayer | Synchronizing object | Counter fluted batten.013
Fra:1 Mem:130.07M (Peak 130.07M) | Time:00:00.33 | Mem:0.00M, Peak:0.00M | Scene, ViewLayer | Synchronizing object | Counter fluted batten.017
Fra:1 Mem:130.14M (Peak 130.14M) | Time:00:00.33 | Mem:0.00M, Peak:0.00M | Scene, ViewLayer | Synchronizing object | Counter fluted batten.018
Fra:1 Mem:130.16M (Peak 130.16M) | Time:00:00.33 | Mem:0.00M, Peak:0.00M | Scene, ViewLayer | Synchronizing object | Counter fluted batten.019
Fra:1 Mem:130.15M (Peak 130.16M) | Time:00:00.33 | Mem:0.00M, Peak:0.00M | Scene, ViewLayer | Synchronizing object | Counter fluted batten.020
Fra:1 Mem:130.18M (Peak 130.18M) | Time:00:00.33 | Mem:0.00M, Peak:0.00M | Scene, ViewLayer | Synchronizing object | Counter fluted batten.021
Fra:1 Mem:130.22M (Peak 130.22M) | Time:00:00.33 | Mem:0.00M, Peak:0.00M | Scene, ViewLayer | Synchronizing object | Counter fluted batten.022
Fra:1 Mem:130.24M (Peak 130.24M) | Time:00:00.33 | Mem:0.00M, Peak:0.00M | Scene, ViewLayer | Synchronizing object | Counter fluted batten.023
Fra:1 Mem:130.25M (Peak 130.25M) | Time:00:00.33 | Mem:0.00M, Peak:0.00M | Scene, ViewLayer | Synchronizing object | Counter fluted batten.024
Fra:1 Mem:130.26M (Peak 130.26M) | Time:00:00.33 | Mem:0.00M, Peak:0.00M | Scene, ViewLayer | Synchronizing object | Counter fluted batten.025
Fra:1 Mem:130.29M (Peak 130.29M) | Time:00:00.33 | Mem:0.00M, Peak:0.00M | Scene, ViewLayer | Synchronizing object | Counter fluted batten.026
Fra:1 Mem:130.33M (Peak 130.33M) | Time:00:00.33 | Mem:0.00M, Peak:0.00M | Scene, ViewLayer | Synchronizing object | Counter fluted batten.027
Fra:1 Mem:130.30M (Peak 130.33M) | Time:00:00.33 | Mem:0.00M, Peak:0.00M | Scene, ViewLayer | Synchronizing object | Counter fluted batten.028
Fra:1 Mem:130.32M (Peak 130.33M) | Time:00:00.33 | Mem:0.00M, Peak:0.00M | Scene, ViewLayer | Synchronizing object | Counter fluted batten.030
Fra:1 Mem:130.38M (Peak 130.38M) | Time:00:00.33 | Mem:0.00M, Peak:0.00M | Scene, ViewLayer | Synchronizing object | Counter fluted batten.031
Fra:1 Mem:130.37M (Peak 130.38M) | Time:00:00.33 | Mem:0.00M, Peak:0.00M | Scene, ViewLayer | Synchronizing object | Counter fluted batten.032
Fra:1 Mem:130.39M (Peak 130.39M) | Time:00:00.34 | Mem:0.00M, Peak:0.00M | Scene, ViewLayer | Synchronizing object | Counter fluted batten.033
Fra:1 Mem:130.39M (Peak 130.39M) | Time:00:00.34 | Mem:0.00M, Peak:0.00M | Scene, ViewLayer | Synchronizing object | Counter fluted batten.034
Fra:1 Mem:130.42M (Peak 130.42M) | Time:00:00.34 | Mem:0.00M, Peak:0.00M | Scene, ViewLayer | Synchronizing object | Counter fluted batten.035
Fra:1 Mem:130.42M (Peak 130.42M) | Time:00:00.34 | Mem:0.00M, Peak:0.00M | Scene, ViewLayer | Synchronizing object | Counter fluted batten.037
Fra:1 Mem:130.44M (Peak 130.44M) | Time:00:00.34 | Mem:0.00M, Peak:0.00M | Scene, ViewLayer | Synchronizing object | Counter fluted batten.038
Fra:1 Mem:130.44M (Peak 130.44M) | Time:00:00.34 | Mem:0.00M, Peak:0.00M | Scene, ViewLayer | Synchronizing object | Counter fluted batten.040
Fra:1 Mem:130.52M (Peak 130.52M) | Time:00:00.34 | Mem:0.00M, Peak:0.00M | Scene, ViewLayer | Synchronizing object | Counter fluted batten.041
Fra:1 Mem:130.51M (Peak 130.52M) | Time:00:00.34 | Mem:0.00M, Peak:0.00M | Scene, ViewLayer | Synchronizing object | Counter fluted batten.043
Fra:1 Mem:130.54M (Peak 130.54M) | Time:00:00.34 | Mem:0.00M, Peak:0.00M | Scene, ViewLayer | Synchronizing object | Counter fluted batten.044
Fra:1 Mem:130.55M (Peak 130.55M) | Time:00:00.34 | Mem:0.00M, Peak:0.00M | Scene, ViewLayer | Synchronizing object | Counter fluted batten.045
Fra:1 Mem:130.60M (Peak 130.60M) | Time:00:00.34 | Mem:0.00M, Peak:0.00M | Scene, ViewLayer | Synchronizing object | Counter fluted batten.046
Fra:1 Mem:130.59M (Peak 130.60M) | Time:00:00.34 | Mem:0.00M, Peak:0.00M | Scene, ViewLayer | Synchronizing object | Kitchen panel seam
Fra:1 Mem:130.69M (Peak 130.69M) | Time:00:00.34 | Mem:0.00M, Peak:0.00M | Scene, ViewLayer | Synchronizing object | Kitchen cabinet.001
Fra:1 Mem:130.69M (Peak 130.69M) | Time:00:00.34 | Mem:0.00M, Peak:0.00M | Scene, ViewLayer | Synchronizing object | Kitchen panel seam.001
Fra:1 Mem:130.68M (Peak 130.69M) | Time:00:00.34 | Mem:0.00M, Peak:0.00M | Scene, ViewLayer | Synchronizing object | Kitchen panel seam.002
Fra:1 Mem:130.74M (Peak 130.74M) | Time:00:00.34 | Mem:0.00M, Peak:0.00M | Scene, ViewLayer | Synchronizing object | Kitchen cabinet.003
Fra:1 Mem:130.73M (Peak 130.74M) | Time:00:00.34 | Mem:0.00M, Peak:0.00M | Scene, ViewLayer | Synchronizing object | Kitchen panel seam.003
Fra:1 Mem:130.75M (Peak 130.75M) | Time:00:00.34 | Mem:0.00M, Peak:0.00M | Scene, ViewLayer | Synchronizing object | Kitchen cabinet.004
Fra:1 Mem:130.79M (Peak 130.79M) | Time:00:00.34 | Mem:0.00M, Peak:0.00M | Scene, ViewLayer | Synchronizing object | Kitchen panel seam.004
Fra:1 Mem:130.80M (Peak 130.80M) | Time:00:00.34 | Mem:0.00M, Peak:0.00M | Scene, ViewLayer | Synchronizing object | Preparation stainless worktop
Fra:1 Mem:130.78M (Peak 130.80M) | Time:00:00.34 | Mem:0.00M, Peak:0.00M | Scene, ViewLayer | Synchronizing object | Glazed splashback tile.002
Fra:1 Mem:130.86M (Peak 130.86M) | Time:00:00.34 | Mem:0.00M, Peak:0.00M | Scene, ViewLayer | Synchronizing object | Glazed splashback tile.003
Fra:1 Mem:130.87M (Peak 130.87M) | Time:00:00.34 | Mem:0.00M, Peak:0.00M | Scene, ViewLayer | Synchronizing object | Glazed splashback tile.004
Fra:1 Mem:130.89M (Peak 130.89M) | Time:00:00.34 | Mem:0.00M, Peak:0.00M | Scene, ViewLayer | Synchronizing object | Glazed splashback tile.005
Fra:1 Mem:130.89M (Peak 130.89M) | Time:00:00.34 | Mem:0.00M, Peak:0.00M | Scene, ViewLayer | Synchronizing object | Glazed splashback tile.006
Fra:1 Mem:130.94M (Peak 130.94M) | Time:00:00.34 | Mem:0.00M, Peak:0.00M | Scene, ViewLayer | Synchronizing object | Glazed splashback tile.007
Fra:1 Mem:130.93M (Peak 130.94M) | Time:00:00.34 | Mem:0.00M, Peak:0.00M | Scene, ViewLayer | Synchronizing object | Glazed splashback tile.008
Fra:1 Mem:130.93M (Peak 130.94M) | Time:00:00.34 | Mem:0.00M, Peak:0.00M | Scene, ViewLayer | Synchronizing object | Glazed splashback tile.010
Fra:1 Mem:130.93M (Peak 130.94M) | Time:00:00.34 | Mem:0.00M, Peak:0.00M | Scene, ViewLayer | Synchronizing object | Glazed splashback tile.012
Fra:1 Mem:131.00M (Peak 131.00M) | Time:00:00.34 | Mem:0.00M, Peak:0.00M | Scene, ViewLayer | Synchronizing object | Glazed splashback tile.013
Fra:1 Mem:131.01M (Peak 131.01M) | Time:00:00.34 | Mem:0.00M, Peak:0.00M | Scene, ViewLayer | Synchronizing object | Glazed splashback tile.014
Fra:1 Mem:131.07M (Peak 131.07M) | Time:00:00.34 | Mem:0.00M, Peak:0.00M | Scene, ViewLayer | Synchronizing object | Glazed splashback tile.015
Fra:1 Mem:131.04M (Peak 131.07M) | Time:00:00.34 | Mem:0.00M, Peak:0.00M | Scene, ViewLayer | Synchronizing object | Glazed splashback tile.016
Fra:1 Mem:131.03M (Peak 131.07M) | Time:00:00.34 | Mem:0.00M, Peak:0.00M | Scene, ViewLayer | Synchronizing object | Glazed splashback tile.019
Fra:1 Mem:131.07M (Peak 131.07M) | Time:00:00.34 | Mem:0.00M, Peak:0.00M | Scene, ViewLayer | Synchronizing object | Glazed splashback tile.020
Fra:1 Mem:131.09M (Peak 131.09M) | Time:00:00.34 | Mem:0.00M, Peak:0.00M | Scene, ViewLayer | Synchronizing object | Glazed splashback tile.022
Fra:1 Mem:131.14M (Peak 131.14M) | Time:00:00.34 | Mem:0.00M, Peak:0.00M | Scene, ViewLayer | Synchronizing object | Glazed splashback tile.023
Fra:1 Mem:131.15M (Peak 131.15M) | Time:00:00.34 | Mem:0.00M, Peak:0.00M | Scene, ViewLayer | Synchronizing object | Glazed splashback tile.024
Fra:1 Mem:131.19M (Peak 131.19M) | Time:00:00.34 | Mem:0.00M, Peak:0.00M | Scene, ViewLayer | Synchronizing object | Glazed splashback tile.025
Fra:1 Mem:131.19M (Peak 131.19M) | Time:00:00.34 | Mem:0.00M, Peak:0.00M | Scene, ViewLayer | Synchronizing object | Glazed splashback tile.026
Fra:1 Mem:131.19M (Peak 131.19M) | Time:00:00.34 | Mem:0.00M, Peak:0.00M | Scene, ViewLayer | Synchronizing object | Glazed splashback tile.027
Fra:1 Mem:131.21M (Peak 131.21M) | Time:00:00.34 | Mem:0.00M, Peak:0.00M | Scene, ViewLayer | Synchronizing object | Glazed splashback tile.028
Fra:1 Mem:131.21M (Peak 131.21M) | Time:00:00.34 | Mem:0.00M, Peak:0.00M | Scene, ViewLayer | Synchronizing object | Glazed splashback tile.030
Fra:1 Mem:131.26M (Peak 131.26M) | Time:00:00.34 | Mem:0.00M, Peak:0.00M | Scene, ViewLayer | Synchronizing object | Glazed splashback tile.031
Fra:1 Mem:131.28M (Peak 131.28M) | Time:00:00.34 | Mem:0.00M, Peak:0.00M | Scene, ViewLayer | Synchronizing object | Glazed splashback tile.033
Fra:1 Mem:131.29M (Peak 131.29M) | Time:00:00.34 | Mem:0.00M, Peak:0.00M | Scene, ViewLayer | Synchronizing object | Glazed splashback tile.034
Fra:1 Mem:131.33M (Peak 131.33M) | Time:00:00.34 | Mem:0.00M, Peak:0.00M | Scene, ViewLayer | Synchronizing object | Glazed splashback tile.035
Fra:1 Mem:131.30M (Peak 131.33M) | Time:00:00.34 | Mem:0.00M, Peak:0.00M | Scene, ViewLayer | Synchronizing object | Glazed splashback tile.036
Fra:1 Mem:131.32M (Peak 131.33M) | Time:00:00.34 | Mem:0.00M, Peak:0.00M | Scene, ViewLayer | Synchronizing object | Glazed splashback tile.037
Fra:1 Mem:131.35M (Peak 131.35M) | Time:00:00.34 | Mem:0.00M, Peak:0.00M | Scene, ViewLayer | Synchronizing object | Glazed splashback tile.038
Fra:1 Mem:131.37M (Peak 131.37M) | Time:00:00.34 | Mem:0.00M, Peak:0.00M | Scene, ViewLayer | Synchronizing object | Glazed splashback tile.039
Fra:1 Mem:131.37M (Peak 131.37M) | Time:00:00.34 | Mem:0.00M, Peak:0.00M | Scene, ViewLayer | Synchronizing object | Glazed splashback tile.041
Fra:1 Mem:131.38M (Peak 131.38M) | Time:00:00.34 | Mem:0.00M, Peak:0.00M | Scene, ViewLayer | Synchronizing object | Glazed splashback tile.042
Fra:1 Mem:131.41M (Peak 131.41M) | Time:00:00.34 | Mem:0.00M, Peak:0.00M | Scene, ViewLayer | Synchronizing object | Glazed splashback tile.043
Fra:1 Mem:131.42M (Peak 131.42M) | Time:00:00.34 | Mem:0.00M, Peak:0.00M | Scene, ViewLayer | Synchronizing object | Glazed splashback tile.044
Fra:1 Mem:131.42M (Peak 131.42M) | Time:00:00.34 | Mem:0.00M, Peak:0.00M | Scene, ViewLayer | Synchronizing object | Glazed splashback tile.045
Fra:1 Mem:131.47M (Peak 131.47M) | Time:00:00.34 | Mem:0.00M, Peak:0.00M | Scene, ViewLayer | Synchronizing object | Glazed splashback tile.046
Fra:1 Mem:131.46M (Peak 131.47M) | Time:00:00.34 | Mem:0.00M, Peak:0.00M | Scene, ViewLayer | Synchronizing object | Glazed splashback tile.047
Fra:1 Mem:131.47M (Peak 131.47M) | Time:00:00.34 | Mem:0.00M, Peak:0.00M | Scene, ViewLayer | Synchronizing object | Glazed splashback tile.048
Fra:1 Mem:131.47M (Peak 131.47M) | Time:00:00.34 | Mem:0.00M, Peak:0.00M | Scene, ViewLayer | Synchronizing object | Glazed splashback tile.051
Fra:1 Mem:131.52M (Peak 131.52M) | Time:00:00.34 | Mem:0.00M, Peak:0.00M | Scene, ViewLayer | Synchronizing object | Glazed splashback tile.052
Fra:1 Mem:131.50M (Peak 131.52M) | Time:00:00.34 | Mem:0.00M, Peak:0.00M | Scene, ViewLayer | Synchronizing object | Glazed splashback tile.053
Fra:1 Mem:131.56M (Peak 131.56M) | Time:00:00.34 | Mem:0.00M, Peak:0.00M | Scene, ViewLayer | Synchronizing object | Glazed splashback tile.054
Fra:1 Mem:131.56M (Peak 131.56M) | Time:00:00.34 | Mem:0.00M, Peak:0.00M | Scene, ViewLayer | Synchronizing object | Glazed splashback tile.055
Fra:1 Mem:131.60M (Peak 131.60M) | Time:00:00.34 | Mem:0.00M, Peak:0.00M | Scene, ViewLayer | Synchronizing object | Glazed splashback tile.056
Fra:1 Mem:131.59M (Peak 131.60M) | Time:00:00.34 | Mem:0.00M, Peak:0.00M | Scene, ViewLayer | Synchronizing object | Glazed splashback tile.057
Fra:1 Mem:131.60M (Peak 131.60M) | Time:00:00.34 | Mem:0.00M, Peak:0.00M | Scene, ViewLayer | Synchronizing object | Glazed splashback tile.058
Fra:1 Mem:131.61M (Peak 131.61M) | Time:00:00.34 | Mem:0.00M, Peak:0.00M | Scene, ViewLayer | Synchronizing object | Glazed splashback tile.061
Fra:1 Mem:131.63M (Peak 131.63M) | Time:00:00.34 | Mem:0.00M, Peak:0.00M | Scene, ViewLayer | Synchronizing object | Glazed splashback tile.062
Fra:1 Mem:131.66M (Peak 131.66M) | Time:00:00.34 | Mem:0.00M, Peak:0.00M | Scene, ViewLayer | Synchronizing object | Glazed splashback tile.063
Fra:1 Mem:131.67M (Peak 131.67M) | Time:00:00.34 | Mem:0.00M, Peak:0.00M | Scene, ViewLayer | Synchronizing object | Glazed splashback tile.064
Fra:1 Mem:131.70M (Peak 131.70M) | Time:00:00.34 | Mem:0.00M, Peak:0.00M | Scene, ViewLayer | Synchronizing object | Glazed splashback tile.065
Fra:1 Mem:131.73M (Peak 131.73M) | Time:00:00.34 | Mem:0.00M, Peak:0.00M | Scene, ViewLayer | Synchronizing object | Glazed splashback tile.066
Fra:1 Mem:131.74M (Peak 131.74M) | Time:00:00.34 | Mem:0.00M, Peak:0.00M | Scene, ViewLayer | Synchronizing object | Glazed splashback tile.067
Fra:1 Mem:131.73M (Peak 131.74M) | Time:00:00.34 | Mem:0.00M, Peak:0.00M | Scene, ViewLayer | Synchronizing object | Glazed splashback tile.068
Fra:1 Mem:131.76M (Peak 131.76M) | Time:00:00.34 | Mem:0.00M, Peak:0.00M | Scene, ViewLayer | Synchronizing object | Glazed splashback tile.069
Fra:1 Mem:131.76M (Peak 131.76M) | Time:00:00.34 | Mem:0.00M, Peak:0.00M | Scene, ViewLayer | Synchronizing object | Glazed splashback tile.070
Fra:1 Mem:131.78M (Peak 131.78M) | Time:00:00.34 | Mem:0.00M, Peak:0.00M | Scene, ViewLayer | Synchronizing object | Glazed splashback tile.071
Fra:1 Mem:131.78M (Peak 131.78M) | Time:00:00.34 | Mem:0.00M, Peak:0.00M | Scene, ViewLayer | Synchronizing object | Glazed splashback tile.073
Fra:1 Mem:131.78M (Peak 131.78M) | Time:00:00.34 | Mem:0.00M, Peak:0.00M | Scene, ViewLayer | Synchronizing object | Glazed splashback tile.074
Fra:1 Mem:131.82M (Peak 131.82M) | Time:00:00.34 | Mem:0.00M, Peak:0.00M | Scene, ViewLayer | Synchronizing object | Glazed splashback tile.075
Fra:1 Mem:131.81M (Peak 131.82M) | Time:00:00.34 | Mem:0.00M, Peak:0.00M | Scene, ViewLayer | Synchronizing object | Glazed splashback tile.076
Fra:1 Mem:131.83M (Peak 131.83M) | Time:00:00.34 | Mem:0.00M, Peak:0.00M | Scene, ViewLayer | Synchronizing object | Glazed splashback tile.077
Fra:1 Mem:131.88M (Peak 131.88M) | Time:00:00.34 | Mem:0.00M, Peak:0.00M | Scene, ViewLayer | Synchronizing object | Glazed splashback tile.078
Fra:1 Mem:131.88M (Peak 131.88M) | Time:00:00.34 | Mem:0.00M, Peak:0.00M | Scene, ViewLayer | Synchronizing object | Glazed splashback tile.080
Fra:1 Mem:131.93M (Peak 131.93M) | Time:00:00.34 | Mem:0.00M, Peak:0.00M | Scene, ViewLayer | Synchronizing object | Curved eave support
Fra:1 Mem:131.91M (Peak 131.93M) | Time:00:00.34 | Mem:0.00M, Peak:0.00M | Scene, ViewLayer | Synchronizing object | Glazed splashback tile.081
Fra:1 Mem:131.91M (Peak 131.93M) | Time:00:00.34 | Mem:0.00M, Peak:0.00M | Scene, ViewLayer | Synchronizing object | Glazed splashback tile.083
Fra:1 Mem:131.94M (Peak 131.94M) | Time:00:00.34 | Mem:0.00M, Peak:0.00M | Scene, ViewLayer | Synchronizing object | Glazed splashback tile.084
Fra:1 Mem:131.96M (Peak 131.96M) | Time:00:00.34 | Mem:0.00M, Peak:0.00M | Scene, ViewLayer | Synchronizing object | Glazed splashback tile.085
Fra:1 Mem:131.95M (Peak 131.96M) | Time:00:00.34 | Mem:0.00M, Peak:0.00M | Scene, ViewLayer | Synchronizing object | Glazed splashback tile.086
Fra:1 Mem:131.98M (Peak 131.98M) | Time:00:00.34 | Mem:0.00M, Peak:0.00M | Scene, ViewLayer | Synchronizing object | Curved eave support.001
Fra:1 Mem:132.02M (Peak 132.02M) | Time:00:00.34 | Mem:0.00M, Peak:0.00M | Scene, ViewLayer | Synchronizing object | Glazed splashback tile.087
Fra:1 Mem:132.01M (Peak 132.02M) | Time:00:00.34 | Mem:0.00M, Peak:0.00M | Scene, ViewLayer | Synchronizing object | Glazed splashback tile.089
Fra:1 Mem:132.03M (Peak 132.03M) | Time:00:00.34 | Mem:0.00M, Peak:0.00M | Scene, ViewLayer | Synchronizing object | Glazed splashback tile.090
Fra:1 Mem:132.03M (Peak 132.03M) | Time:00:00.34 | Mem:0.00M, Peak:0.00M | Scene, ViewLayer | Synchronizing object | Glazed splashback tile.091
Fra:1 Mem:132.05M (Peak 132.05M) | Time:00:00.34 | Mem:0.00M, Peak:0.00M | Scene, ViewLayer | Synchronizing object | Glazed splashback tile.093
Fra:1 Mem:132.10M (Peak 132.10M) | Time:00:00.34 | Mem:0.00M, Peak:0.00M | Scene, ViewLayer | Synchronizing object | Curved eave support.003
Fra:1 Mem:132.09M (Peak 132.10M) | Time:00:00.34 | Mem:0.00M, Peak:0.00M | Scene, ViewLayer | Synchronizing object | Glazed splashback tile.095
Fra:1 Mem:132.11M (Peak 132.11M) | Time:00:00.34 | Mem:0.00M, Peak:0.00M | Scene, ViewLayer | Synchronizing object | Glazed splashback tile.096
Fra:1 Mem:132.13M (Peak 132.13M) | Time:00:00.34 | Mem:0.00M, Peak:0.00M | Scene, ViewLayer | Synchronizing object | Glazed splashback tile.097
Fra:1 Mem:132.14M (Peak 132.14M) | Time:00:00.34 | Mem:0.00M, Peak:0.00M | Scene, ViewLayer | Synchronizing object | Curved eave support.004
Fra:1 Mem:132.16M (Peak 132.16M) | Time:00:00.34 | Mem:0.00M, Peak:0.00M | Scene, ViewLayer | Synchronizing object | Glazed splashback tile.099
Fra:1 Mem:132.19M (Peak 132.19M) | Time:00:00.34 | Mem:0.00M, Peak:0.00M | Scene, ViewLayer | Synchronizing object | Glazed splashback tile.100
Fra:1 Mem:132.18M (Peak 132.19M) | Time:00:00.34 | Mem:0.00M, Peak:0.00M | Scene, ViewLayer | Synchronizing object | Glazed splashback tile.102
Fra:1 Mem:132.18M (Peak 132.19M) | Time:00:00.34 | Mem:0.00M, Peak:0.00M | Scene, ViewLayer | Synchronizing object | Glazed splashback tile.103
Fra:1 Mem:132.22M (Peak 132.22M) | Time:00:00.34 | Mem:0.00M, Peak:0.00M | Scene, ViewLayer | Synchronizing object | Curved eave support.005
Fra:1 Mem:132.23M (Peak 132.23M) | Time:00:00.34 | Mem:0.00M, Peak:0.00M | Scene, ViewLayer | Synchronizing object | Glazed splashback tile.104
Fra:1 Mem:132.27M (Peak 132.27M) | Time:00:00.34 | Mem:0.00M, Peak:0.00M | Scene, ViewLayer | Synchronizing object | Awning underside rod
Fra:1 Mem:132.25M (Peak 132.27M) | Time:00:00.34 | Mem:0.00M, Peak:0.00M | Scene, ViewLayer | Synchronizing object | Glazed splashback tile.109
Fra:1 Mem:132.24M (Peak 132.27M) | Time:00:00.34 | Mem:0.00M, Peak:0.00M | Scene, ViewLayer | Synchronizing object | Glazed splashback tile.111
Fra:1 Mem:132.34M (Peak 132.34M) | Time:00:00.34 | Mem:0.00M, Peak:0.00M | Scene, ViewLayer | Synchronizing object | Glazed splashback tile.112
Fra:1 Mem:132.36M (Peak 132.36M) | Time:00:00.34 | Mem:0.00M, Peak:0.00M | Scene, ViewLayer | Synchronizing object | Glazed splashback tile.113
Fra:1 Mem:132.36M (Peak 132.36M) | Time:00:00.34 | Mem:0.00M, Peak:0.00M | Scene, ViewLayer | Synchronizing object | Awning underside rod.002
Fra:1 Mem:132.36M (Peak 132.36M) | Time:00:00.34 | Mem:0.00M, Peak:0.00M | Scene, ViewLayer | Synchronizing object | Glazed splashback tile.117
Fra:1 Mem:132.37M (Peak 132.37M) | Time:00:00.34 | Mem:0.00M, Peak:0.00M | Scene, ViewLayer | Synchronizing object | Glazed splashback tile.118
Fra:1 Mem:132.37M (Peak 132.37M) | Time:00:00.34 | Mem:0.00M, Peak:0.00M | Scene, ViewLayer | Synchronizing object | Glazed splashback tile.119
Fra:1 Mem:132.40M (Peak 132.40M) | Time:00:00.34 | Mem:0.00M, Peak:0.00M | Scene, ViewLayer | Synchronizing object | Awning hem seam
Fra:1 Mem:132.43M (Peak 132.43M) | Time:00:00.34 | Mem:0.00M, Peak:0.00M | Scene, ViewLayer | Synchronizing object | Floating crockery shelf
Fra:1 Mem:132.45M (Peak 132.45M) | Time:00:00.34 | Mem:0.00M, Peak:0.00M | Scene, ViewLayer | Synchronizing object | Floating crockery shelf.001
Fra:1 Mem:132.52M (Peak 132.52M) | Time:00:00.34 | Mem:0.00M, Peak:0.00M | Scene, ViewLayer | Synchronizing object | Frosted pendant bulb
Fra:1 Mem:132.60M (Peak 132.60M) | Time:00:00.34 | Mem:0.00M, Peak:0.00M | Scene, ViewLayer | Synchronizing object | Frosted pendant bulb.001
Fra:1 Mem:132.59M (Peak 132.60M) | Time:00:00.34 | Mem:0.00M, Peak:0.00M | Scene, ViewLayer | Synchronizing object | Frosted pendant bulb.002
Fra:1 Mem:132.61M (Peak 132.61M) | Time:00:00.34 | Mem:0.00M, Peak:0.00M | Scene, ViewLayer | Synchronizing object | Bento tray rim.001
Fra:1 Mem:132.62M (Peak 132.62M) | Time:00:00.34 | Mem:0.00M, Peak:0.00M | Scene, ViewLayer | Synchronizing object | Bento divider
Fra:1 Mem:132.66M (Peak 132.66M) | Time:00:00.34 | Mem:0.00M, Peak:0.00M | Scene, ViewLayer | Synchronizing object | Rice paper liner
Fra:1 Mem:132.77M (Peak 132.77M) | Time:00:00.34 | Mem:0.00M, Peak:0.00M | Scene, ViewLayer | Synchronizing object | Noren lower stitching
Fra:1 Mem:132.75M (Peak 132.77M) | Time:00:00.34 | Mem:0.00M, Peak:0.00M | Scene, ViewLayer | Synchronizing object | Individual rice grain
Fra:1 Mem:132.76M (Peak 132.77M) | Time:00:00.34 | Mem:0.00M, Peak:0.00M | Scene, ViewLayer | Synchronizing object | Individual rice grain.001
Fra:1 Mem:132.77M (Peak 132.77M) | Time:00:00.34 | Mem:0.00M, Peak:0.00M | Scene, ViewLayer | Synchronizing object | Individual rice grain.002
Fra:1 Mem:132.79M (Peak 132.79M) | Time:00:00.34 | Mem:0.00M, Peak:0.00M | Scene, ViewLayer | Synchronizing object | Noren lower stitching.001
Fra:1 Mem:132.78M (Peak 132.79M) | Time:00:00.34 | Mem:0.00M, Peak:0.00M | Scene, ViewLayer | Synchronizing object | Individual rice grain.007
Fra:1 Mem:132.80M (Peak 132.80M) | Time:00:00.34 | Mem:0.00M, Peak:0.00M | Scene, ViewLayer | Synchronizing object | Individual rice grain.009
Fra:1 Mem:132.80M (Peak 132.80M) | Time:00:00.34 | Mem:0.00M, Peak:0.00M | Scene, ViewLayer | Synchronizing object | Individual rice grain.010
Fra:1 Mem:132.82M (Peak 132.82M) | Time:00:00.34 | Mem:0.00M, Peak:0.00M | Scene, ViewLayer | Synchronizing object | Individual rice grain.012
Fra:1 Mem:132.83M (Peak 132.83M) | Time:00:00.34 | Mem:0.00M, Peak:0.00M | Scene, ViewLayer | Synchronizing object | Individual rice grain.014
Fra:1 Mem:132.85M (Peak 132.85M) | Time:00:00.34 | Mem:0.00M, Peak:0.00M | Scene, ViewLayer | Synchronizing object | Individual rice grain.015
Fra:1 Mem:132.86M (Peak 132.86M) | Time:00:00.34 | Mem:0.00M, Peak:0.00M | Scene, ViewLayer | Synchronizing object | Individual rice grain.017
Fra:1 Mem:132.87M (Peak 132.87M) | Time:00:00.34 | Mem:0.00M, Peak:0.00M | Scene, ViewLayer | Synchronizing object | Individual rice grain.018
Fra:1 Mem:132.88M (Peak 132.88M) | Time:00:00.34 | Mem:0.00M, Peak:0.00M | Scene, ViewLayer | Synchronizing object | Individual rice grain.019
Fra:1 Mem:132.89M (Peak 132.89M) | Time:00:00.34 | Mem:0.00M, Peak:0.00M | Scene, ViewLayer | Synchronizing object | Individual rice grain.020
Fra:1 Mem:132.90M (Peak 132.90M) | Time:00:00.34 | Mem:0.00M, Peak:0.00M | Scene, ViewLayer | Synchronizing object | Individual rice grain.021
Fra:1 Mem:132.91M (Peak 132.91M) | Time:00:00.34 | Mem:0.00M, Peak:0.00M | Scene, ViewLayer | Synchronizing object | Individual rice grain.022
Fra:1 Mem:132.93M (Peak 132.93M) | Time:00:00.34 | Mem:0.00M, Peak:0.00M | Scene, ViewLayer | Synchronizing object | Individual rice grain.023
Fra:1 Mem:132.94M (Peak 132.94M) | Time:00:00.34 | Mem:0.00M, Peak:0.00M | Scene, ViewLayer | Synchronizing object | Individual rice grain.024
Fra:1 Mem:132.95M (Peak 132.95M) | Time:00:00.34 | Mem:0.00M, Peak:0.00M | Scene, ViewLayer | Synchronizing object | Individual rice grain.025
Fra:1 Mem:132.97M (Peak 132.97M) | Time:00:00.34 | Mem:0.00M, Peak:0.00M | Scene, ViewLayer | Synchronizing object | Individual rice grain.027
Fra:1 Mem:132.98M (Peak 132.98M) | Time:00:00.34 | Mem:0.00M, Peak:0.00M | Scene, ViewLayer | Synchronizing object | Individual rice grain.029
Fra:1 Mem:132.99M (Peak 132.99M) | Time:00:00.34 | Mem:0.00M, Peak:0.00M | Scene, ViewLayer | Synchronizing object | Individual rice grain.030
Fra:1 Mem:133.00M (Peak 133.00M) | Time:00:00.34 | Mem:0.00M, Peak:0.00M | Scene, ViewLayer | Synchronizing object | Individual rice grain.031
Fra:1 Mem:133.00M (Peak 133.00M) | Time:00:00.34 | Mem:0.00M, Peak:0.00M | Scene, ViewLayer | Synchronizing object | Individual rice grain.032
Fra:1 Mem:133.02M (Peak 133.02M) | Time:00:00.34 | Mem:0.00M, Peak:0.00M | Scene, ViewLayer | Synchronizing object | Individual rice grain.033
Fra:1 Mem:133.04M (Peak 133.04M) | Time:00:00.34 | Mem:0.00M, Peak:0.00M | Scene, ViewLayer | Synchronizing object | Individual rice grain.034
Fra:1 Mem:133.04M (Peak 133.04M) | Time:00:00.34 | Mem:0.00M, Peak:0.00M | Scene, ViewLayer | Synchronizing object | Individual rice grain.037
Fra:1 Mem:133.06M (Peak 133.06M) | Time:00:00.34 | Mem:0.00M, Peak:0.00M | Scene, ViewLayer | Synchronizing object | Individual rice grain.038
Fra:1 Mem:133.08M (Peak 133.08M) | Time:00:00.34 | Mem:0.00M, Peak:0.00M | Scene, ViewLayer | Synchronizing object | Individual rice grain.040
Fra:1 Mem:133.09M (Peak 133.09M) | Time:00:00.34 | Mem:0.00M, Peak:0.00M | Scene, ViewLayer | Synchronizing object | Individual rice grain.041
Fra:1 Mem:133.09M (Peak 133.09M) | Time:00:00.34 | Mem:0.00M, Peak:0.00M | Scene, ViewLayer | Synchronizing object | Individual rice grain.042
Fra:1 Mem:133.10M (Peak 133.10M) | Time:00:00.35 | Mem:0.00M, Peak:0.00M | Scene, ViewLayer | Synchronizing object | Individual rice grain.043
Fra:1 Mem:133.12M (Peak 133.12M) | Time:00:00.35 | Mem:0.00M, Peak:0.00M | Scene, ViewLayer | Synchronizing object | Individual rice grain.044
Fra:1 Mem:133.12M (Peak 133.12M) | Time:00:00.35 | Mem:0.00M, Peak:0.00M | Scene, ViewLayer | Synchronizing object | Individual rice grain.045
Fra:1 Mem:133.14M (Peak 133.14M) | Time:00:00.35 | Mem:0.00M, Peak:0.00M | Scene, ViewLayer | Synchronizing object | Individual rice grain.047
Fra:1 Mem:133.14M (Peak 133.14M) | Time:00:00.35 | Mem:0.00M, Peak:0.00M | Scene, ViewLayer | Synchronizing object | Individual rice grain.048
Fra:1 Mem:133.15M (Peak 133.15M) | Time:00:00.35 | Mem:0.00M, Peak:0.00M | Scene, ViewLayer | Synchronizing object | Umeboshi center
Fra:1 Mem:133.18M (Peak 133.18M) | Time:00:00.35 | Mem:0.00M, Peak:0.00M | Scene, ViewLayer | Synchronizing object | Teriyaki chicken cut.001
Fra:1 Mem:133.22M (Peak 133.22M) | Time:00:00.35 | Mem:0.00M, Peak:0.00M | Scene, ViewLayer | Synchronizing object | Teriyaki chicken cut.002
Fra:1 Mem:133.24M (Peak 133.24M) | Time:00:00.35 | Mem:0.00M, Peak:0.00M | Scene, ViewLayer | Synchronizing object | Pickled greens.003
Fra:1 Mem:133.28M (Peak 133.28M) | Time:00:00.35 | Mem:0.00M, Peak:0.00M | Scene, ViewLayer | Synchronizing object | Bento tray base.001
Fra:1 Mem:133.30M (Peak 133.30M) | Time:00:00.35 | Mem:0.00M, Peak:0.00M | Scene, ViewLayer | Synchronizing object | Bento tray rim.004
Fra:1 Mem:133.32M (Peak 133.32M) | Time:00:00.35 | Mem:0.00M, Peak:0.00M | Scene, ViewLayer | Synchronizing object | Bento tray rim.007
Fra:1 Mem:133.37M (Peak 133.37M) | Time:00:00.35 | Mem:0.00M, Peak:0.00M | Scene, ViewLayer | Synchronizing object | Bento divider.001
Fra:1 Mem:133.42M (Peak 133.42M) | Time:00:00.35 | Mem:0.00M, Peak:0.00M | Scene, ViewLayer | Synchronizing object | Rice paper liner.001
Fra:1 Mem:133.42M (Peak 133.42M) | Time:00:00.35 | Mem:0.00M, Peak:0.00M | Scene, ViewLayer | Synchronizing object | Individual rice grain.049
Fra:1 Mem:133.45M (Peak 133.45M) | Time:00:00.35 | Mem:0.00M, Peak:0.00M | Scene, ViewLayer | Synchronizing object | Individual rice grain.050
Fra:1 Mem:133.47M (Peak 133.47M) | Time:00:00.35 | Mem:0.00M, Peak:0.00M | Scene, ViewLayer | Synchronizing object | Individual rice grain.053
Fra:1 Mem:133.45M (Peak 133.47M) | Time:00:00.35 | Mem:0.00M, Peak:0.00M | Scene, ViewLayer | Synchronizing object | Individual rice grain.054
Fra:1 Mem:133.46M (Peak 133.47M) | Time:00:00.35 | Mem:0.00M, Peak:0.00M | Scene, ViewLayer | Synchronizing object | Individual rice grain.057
Fra:1 Mem:133.47M (Peak 133.47M) | Time:00:00.35 | Mem:0.00M, Peak:0.00M | Scene, ViewLayer | Synchronizing object | Individual rice grain.058
Fra:1 Mem:133.49M (Peak 133.49M) | Time:00:00.35 | Mem:0.00M, Peak:0.00M | Scene, ViewLayer | Synchronizing object | Individual rice grain.060
Fra:1 Mem:133.49M (Peak 133.49M) | Time:00:00.35 | Mem:0.00M, Peak:0.00M | Scene, ViewLayer | Synchronizing object | Individual rice grain.061
Fra:1 Mem:133.51M (Peak 133.51M) | Time:00:00.35 | Mem:0.00M, Peak:0.00M | Scene, ViewLayer | Synchronizing object | Individual rice grain.062
Fra:1 Mem:133.51M (Peak 133.51M) | Time:00:00.35 | Mem:0.00M, Peak:0.00M | Scene, ViewLayer | Synchronizing object | Individual rice grain.065
Fra:1 Mem:133.53M (Peak 133.53M) | Time:00:00.35 | Mem:0.00M, Peak:0.00M | Scene, ViewLayer | Synchronizing object | Individual rice grain.066
Fra:1 Mem:133.54M (Peak 133.54M) | Time:00:00.35 | Mem:0.00M, Peak:0.00M | Scene, ViewLayer | Synchronizing object | Individual rice grain.067
Fra:1 Mem:133.55M (Peak 133.55M) | Time:00:00.35 | Mem:0.00M, Peak:0.00M | Scene, ViewLayer | Synchronizing object | Individual rice grain.068
Fra:1 Mem:133.57M (Peak 133.57M) | Time:00:00.35 | Mem:0.00M, Peak:0.00M | Scene, ViewLayer | Synchronizing object | Individual rice grain.071
Fra:1 Mem:133.58M (Peak 133.58M) | Time:00:00.35 | Mem:0.00M, Peak:0.00M | Scene, ViewLayer | Synchronizing object | Individual rice grain.072
Fra:1 Mem:133.58M (Peak 133.58M) | Time:00:00.35 | Mem:0.00M, Peak:0.00M | Scene, ViewLayer | Synchronizing object | Individual rice grain.073
Fra:1 Mem:133.60M (Peak 133.60M) | Time:00:00.35 | Mem:0.00M, Peak:0.00M | Scene, ViewLayer | Synchronizing object | Individual rice grain.074
Fra:1 Mem:133.60M (Peak 133.60M) | Time:00:00.35 | Mem:0.00M, Peak:0.00M | Scene, ViewLayer | Synchronizing object | Individual rice grain.076
Fra:1 Mem:133.61M (Peak 133.61M) | Time:00:00.35 | Mem:0.00M, Peak:0.00M | Scene, ViewLayer | Synchronizing object | Individual rice grain.077
Fra:1 Mem:133.62M (Peak 133.62M) | Time:00:00.35 | Mem:0.00M, Peak:0.00M | Scene, ViewLayer | Synchronizing object | Individual rice grain.078
Fra:1 Mem:133.64M (Peak 133.64M) | Time:00:00.35 | Mem:0.00M, Peak:0.00M | Scene, ViewLayer | Synchronizing object | Individual rice grain.079
Fra:1 Mem:133.66M (Peak 133.66M) | Time:00:00.35 | Mem:0.00M, Peak:0.00M | Scene, ViewLayer | Synchronizing object | Individual rice grain.080
Fra:1 Mem:133.67M (Peak 133.67M) | Time:00:00.35 | Mem:0.00M, Peak:0.00M | Scene, ViewLayer | Synchronizing object | Individual rice grain.083
Fra:1 Mem:133.70M (Peak 133.70M) | Time:00:00.35 | Mem:0.00M, Peak:0.00M | Scene, ViewLayer | Synchronizing object | Individual rice grain.086
Fra:1 Mem:133.71M (Peak 133.71M) | Time:00:00.35 | Mem:0.00M, Peak:0.00M | Scene, ViewLayer | Synchronizing object | Individual rice grain.087
Fra:1 Mem:133.71M (Peak 133.71M) | Time:00:00.35 | Mem:0.00M, Peak:0.00M | Scene, ViewLayer | Synchronizing object | Individual rice grain.088
Fra:1 Mem:133.73M (Peak 133.73M) | Time:00:00.35 | Mem:0.00M, Peak:0.00M | Scene, ViewLayer | Synchronizing object | Individual rice grain.090
Fra:1 Mem:133.74M (Peak 133.74M) | Time:00:00.35 | Mem:0.00M, Peak:0.00M | Scene, ViewLayer | Synchronizing object | Individual rice grain.091
Fra:1 Mem:133.75M (Peak 133.75M) | Time:00:00.35 | Mem:0.00M, Peak:0.00M | Scene, ViewLayer | Synchronizing object | Individual rice grain.093
Fra:1 Mem:133.77M (Peak 133.77M) | Time:00:00.35 | Mem:0.00M, Peak:0.00M | Scene, ViewLayer | Synchronizing object | Individual rice grain.094
Fra:1 Mem:133.78M (Peak 133.78M) | Time:00:00.35 | Mem:0.00M, Peak:0.00M | Scene, ViewLayer | Synchronizing object | Individual rice grain.095
Fra:1 Mem:133.79M (Peak 133.79M) | Time:00:00.35 | Mem:0.00M, Peak:0.00M | Scene, ViewLayer | Synchronizing object | Individual rice grain.097
Fra:1 Mem:133.80M (Peak 133.80M) | Time:00:00.35 | Mem:0.00M, Peak:0.00M | Scene, ViewLayer | Synchronizing object | Umeboshi center.001
Fra:1 Mem:133.81M (Peak 133.81M) | Time:00:00.35 | Mem:0.00M, Peak:0.00M | Scene, ViewLayer | Synchronizing object | Teriyaki chicken cut.003
Fra:1 Mem:133.83M (Peak 133.83M) | Time:00:00.35 | Mem:0.00M, Peak:0.00M | Scene, ViewLayer | Synchronizing object | Teriyaki chicken cut.004
Fra:1 Mem:133.85M (Peak 133.85M) | Time:00:00.35 | Mem:0.00M, Peak:0.00M | Scene, ViewLayer | Synchronizing object | Teriyaki chicken cut.005
Fra:1 Mem:133.86M (Peak 133.86M) | Time:00:00.35 | Mem:0.00M, Peak:0.00M | Scene, ViewLayer | Synchronizing object | Pickled greens.004
Fra:1 Mem:133.89M (Peak 133.89M) | Time:00:00.35 | Mem:0.00M, Peak:0.00M | Scene, ViewLayer | Synchronizing object | Pickled greens.005
Fra:1 Mem:133.90M (Peak 133.90M) | Time:00:00.35 | Mem:0.00M, Peak:0.00M | Scene, ViewLayer | Synchronizing object | Half round gutter
Fra:1 Mem:133.92M (Peak 133.92M) | Time:00:00.35 | Mem:0.00M, Peak:0.00M | Scene, ViewLayer | Synchronizing object | Bento tray base.002
Fra:1 Mem:133.93M (Peak 133.93M) | Time:00:00.35 | Mem:0.00M, Peak:0.00M | Scene, ViewLayer | Synchronizing object | Bento tray rim.008
Fra:1 Mem:134.01M (Peak 134.01M) | Time:00:00.35 | Mem:0.00M, Peak:0.00M | Scene, ViewLayer | Synchronizing object | Bento tray rim.009
Fra:1 Mem:134.02M (Peak 134.02M) | Time:00:00.35 | Mem:0.00M, Peak:0.00M | Scene, ViewLayer | Synchronizing object | Bento tray rim.011
Fra:1 Mem:134.05M (Peak 134.05M) | Time:00:00.35 | Mem:0.00M, Peak:0.00M | Scene, ViewLayer | Synchronizing object | Rice paper liner.002
Fra:1 Mem:134.04M (Peak 134.05M) | Time:00:00.35 | Mem:0.00M, Peak:0.00M | Scene, ViewLayer | Synchronizing object | Individual rice grain.099
Fra:1 Mem:134.09M (Peak 134.09M) | Time:00:00.35 | Mem:0.00M, Peak:0.00M | Scene, ViewLayer | Synchronizing object | Individual rice grain.100
Fra:1 Mem:134.10M (Peak 134.10M) | Time:00:00.35 | Mem:0.00M, Peak:0.00M | Scene, ViewLayer | Synchronizing object | Individual rice grain.101
Fra:1 Mem:134.11M (Peak 134.11M) | Time:00:00.35 | Mem:0.00M, Peak:0.00M | Scene, ViewLayer | Synchronizing object | Individual rice grain.103
Fra:1 Mem:134.14M (Peak 134.14M) | Time:00:00.35 | Mem:0.00M, Peak:0.00M | Scene, ViewLayer | Synchronizing object | Individual rice grain.104
Fra:1 Mem:134.14M (Peak 134.14M) | Time:00:00.35 | Mem:0.00M, Peak:0.00M | Scene, ViewLayer | Synchronizing object | Individual rice grain.106
Fra:1 Mem:134.14M (Peak 134.14M) | Time:00:00.35 | Mem:0.00M, Peak:0.00M | Scene, ViewLayer | Synchronizing object | Individual rice grain.108
Fra:1 Mem:134.15M (Peak 134.15M) | Time:00:00.35 | Mem:0.00M, Peak:0.00M | Scene, ViewLayer | Synchronizing object | Individual rice grain.109
Fra:1 Mem:134.16M (Peak 134.16M) | Time:00:00.35 | Mem:0.00M, Peak:0.00M | Scene, ViewLayer | Synchronizing object | Individual rice grain.112
Fra:1 Mem:134.16M (Peak 134.16M) | Time:00:00.35 | Mem:0.00M, Peak:0.00M | Scene, ViewLayer | Synchronizing object | Individual rice grain.114
Fra:1 Mem:134.19M (Peak 134.19M) | Time:00:00.35 | Mem:0.00M, Peak:0.00M | Scene, ViewLayer | Synchronizing object | Individual rice grain.116
Fra:1 Mem:134.20M (Peak 134.20M) | Time:00:00.35 | Mem:0.00M, Peak:0.00M | Scene, ViewLayer | Synchronizing object | Individual rice grain.118
Fra:1 Mem:134.21M (Peak 134.21M) | Time:00:00.35 | Mem:0.00M, Peak:0.00M | Scene, ViewLayer | Synchronizing object | Individual rice grain.119
Fra:1 Mem:134.22M (Peak 134.22M) | Time:00:00.35 | Mem:0.00M, Peak:0.00M | Scene, ViewLayer | Synchronizing object | Individual rice grain.120
Fra:1 Mem:134.23M (Peak 134.23M) | Time:00:00.35 | Mem:0.00M, Peak:0.00M | Scene, ViewLayer | Synchronizing object | Individual rice grain.121
Fra:1 Mem:134.24M (Peak 134.24M) | Time:00:00.35 | Mem:0.00M, Peak:0.00M | Scene, ViewLayer | Synchronizing object | Individual rice grain.122
Fra:1 Mem:134.25M (Peak 134.25M) | Time:00:00.35 | Mem:0.00M, Peak:0.00M | Scene, ViewLayer | Synchronizing object | Individual rice grain.123
Fra:1 Mem:134.26M (Peak 134.26M) | Time:00:00.35 | Mem:0.00M, Peak:0.00M | Scene, ViewLayer | Synchronizing object | Individual rice grain.124
Fra:1 Mem:134.27M (Peak 134.27M) | Time:00:00.35 | Mem:0.00M, Peak:0.00M | Scene, ViewLayer | Synchronizing object | Individual rice grain.125
Fra:1 Mem:134.27M (Peak 134.27M) | Time:00:00.35 | Mem:0.00M, Peak:0.00M | Scene, ViewLayer | Synchronizing object | Individual rice grain.126
Fra:1 Mem:134.29M (Peak 134.29M) | Time:00:00.35 | Mem:0.00M, Peak:0.00M | Scene, ViewLayer | Synchronizing object | Individual rice grain.127
Fra:1 Mem:134.29M (Peak 134.29M) | Time:00:00.35 | Mem:0.00M, Peak:0.00M | Scene, ViewLayer | Synchronizing object | Individual rice grain.115
Fra:1 Mem:134.30M (Peak 134.30M) | Time:00:00.35 | Mem:0.00M, Peak:0.00M | Scene, ViewLayer | Synchronizing object | Individual rice grain.129
Fra:1 Mem:134.31M (Peak 134.31M) | Time:00:00.35 | Mem:0.00M, Peak:0.00M | Scene, ViewLayer | Synchronizing object | Individual rice grain.130
Fra:1 Mem:134.34M (Peak 134.34M) | Time:00:00.35 | Mem:0.00M, Peak:0.00M | Scene, ViewLayer | Synchronizing object | Individual rice grain.131
Fra:1 Mem:134.35M (Peak 134.35M) | Time:00:00.35 | Mem:0.00M, Peak:0.00M | Scene, ViewLayer | Synchronizing object | Individual rice grain.134
Fra:1 Mem:134.35M (Peak 134.35M) | Time:00:00.35 | Mem:0.00M, Peak:0.00M | Scene, ViewLayer | Synchronizing object | Individual rice grain.135
Fra:1 Mem:134.39M (Peak 134.39M) | Time:00:00.35 | Mem:0.00M, Peak:0.00M | Scene, ViewLayer | Synchronizing object | Individual rice grain.138
Fra:1 Mem:134.39M (Peak 134.39M) | Time:00:00.35 | Mem:0.00M, Peak:0.00M | Scene, ViewLayer | Synchronizing object | Individual rice grain.140
Fra:1 Mem:134.41M (Peak 134.41M) | Time:00:00.35 | Mem:0.00M, Peak:0.00M | Scene, ViewLayer | Synchronizing object | Individual rice grain.141
Fra:1 Mem:134.41M (Peak 134.41M) | Time:00:00.35 | Mem:0.00M, Peak:0.00M | Scene, ViewLayer | Synchronizing object | Individual rice grain.142
Fra:1 Mem:134.43M (Peak 134.43M) | Time:00:00.35 | Mem:0.00M, Peak:0.00M | Scene, ViewLayer | Synchronizing object | Individual rice grain.143
Fra:1 Mem:134.44M (Peak 134.44M) | Time:00:00.35 | Mem:0.00M, Peak:0.00M | Scene, ViewLayer | Synchronizing object | Individual rice grain.144
Fra:1 Mem:134.45M (Peak 134.45M) | Time:00:00.35 | Mem:0.00M, Peak:0.00M | Scene, ViewLayer | Synchronizing object | Individual rice grain.145
Fra:1 Mem:134.45M (Peak 134.45M) | Time:00:00.35 | Mem:0.00M, Peak:0.00M | Scene, ViewLayer | Synchronizing object | Individual rice grain.146
Fra:1 Mem:134.46M (Peak 134.46M) | Time:00:00.35 | Mem:0.00M, Peak:0.00M | Scene, ViewLayer | Synchronizing object | Umeboshi center.002
Fra:1 Mem:134.49M (Peak 134.49M) | Time:00:00.35 | Mem:0.00M, Peak:0.00M | Scene, ViewLayer | Synchronizing object | Teriyaki chicken cut.006
Fra:1 Mem:134.51M (Peak 134.51M) | Time:00:00.35 | Mem:0.00M, Peak:0.00M | Scene, ViewLayer | Synchronizing object | Teriyaki chicken cut.007
Fra:1 Mem:134.52M (Peak 134.52M) | Time:00:00.35 | Mem:0.00M, Peak:0.00M | Scene, ViewLayer | Synchronizing object | Pickled greens.008
Fra:1 Mem:134.53M (Peak 134.53M) | Time:00:00.35 | Mem:0.00M, Peak:0.00M | Scene, ViewLayer | Synchronizing object | Pickled greens.009
Fra:1 Mem:134.54M (Peak 134.54M) | Time:00:00.35 | Mem:0.00M, Peak:0.00M | Scene, ViewLayer | Synchronizing object | Pickled greens.010
Fra:1 Mem:134.55M (Peak 134.55M) | Time:00:00.35 | Mem:0.00M, Peak:0.00M | Scene, ViewLayer | Synchronizing object | Pickled greens.011
Fra:1 Mem:134.58M (Peak 134.58M) | Time:00:00.35 | Mem:0.00M, Peak:0.00M | Scene, ViewLayer | Synchronizing object | Bento tray base.003
Fra:1 Mem:134.62M (Peak 134.62M) | Time:00:00.35 | Mem:0.00M, Peak:0.00M | Scene, ViewLayer | Synchronizing object | Bento tray rim.012
Fra:1 Mem:134.62M (Peak 134.62M) | Time:00:00.35 | Mem:0.00M, Peak:0.00M | Scene, ViewLayer | Synchronizing object | Bento tray rim.014
Fra:1 Mem:134.63M (Peak 134.63M) | Time:00:00.35 | Mem:0.00M, Peak:0.00M | Scene, ViewLayer | Synchronizing object | Bento divider.003
Fra:1 Mem:134.74M (Peak 134.74M) | Time:00:00.35 | Mem:0.00M, Peak:0.00M | Scene, ViewLayer | Synchronizing object | Rice paper liner.003
Fra:1 Mem:134.76M (Peak 134.76M) | Time:00:00.35 | Mem:0.00M, Peak:0.00M | Scene, ViewLayer | Synchronizing object | Individual rice grain.148
Fra:1 Mem:134.75M (Peak 134.76M) | Time:00:00.35 | Mem:0.00M, Peak:0.00M | Scene, ViewLayer | Synchronizing object | Individual rice grain.149
Fra:1 Mem:134.75M (Peak 134.76M) | Time:00:00.35 | Mem:0.00M, Peak:0.00M | Scene, ViewLayer | Synchronizing object | Individual rice grain.151
Fra:1 Mem:134.76M (Peak 134.76M) | Time:00:00.35 | Mem:0.00M, Peak:0.00M | Scene, ViewLayer | Synchronizing object | Individual rice grain.152
Fra:1 Mem:134.76M (Peak 134.76M) | Time:00:00.35 | Mem:0.00M, Peak:0.00M | Scene, ViewLayer | Synchronizing object | Individual rice grain.156
Fra:1 Mem:134.77M (Peak 134.77M) | Time:00:00.35 | Mem:0.00M, Peak:0.00M | Scene, ViewLayer | Synchronizing object | Individual rice grain.157
Fra:1 Mem:134.78M (Peak 134.78M) | Time:00:00.35 | Mem:0.00M, Peak:0.00M | Scene, ViewLayer | Synchronizing object | Individual rice grain.158
Fra:1 Mem:134.80M (Peak 134.80M) | Time:00:00.35 | Mem:0.00M, Peak:0.00M | Scene, ViewLayer | Synchronizing object | Individual rice grain.159
Fra:1 Mem:134.81M (Peak 134.81M) | Time:00:00.35 | Mem:0.00M, Peak:0.00M | Scene, ViewLayer | Synchronizing object | Individual rice grain.161
Fra:1 Mem:134.81M (Peak 134.81M) | Time:00:00.35 | Mem:0.00M, Peak:0.00M | Scene, ViewLayer | Synchronizing object | Individual rice grain.162
Fra:1 Mem:134.83M (Peak 134.83M) | Time:00:00.35 | Mem:0.00M, Peak:0.00M | Scene, ViewLayer | Synchronizing object | Individual rice grain.163
Fra:1 Mem:134.83M (Peak 134.83M) | Time:00:00.35 | Mem:0.00M, Peak:0.00M | Scene, ViewLayer | Synchronizing object | Individual rice grain.165
Fra:1 Mem:134.85M (Peak 134.85M) | Time:00:00.35 | Mem:0.00M, Peak:0.00M | Scene, ViewLayer | Synchronizing object | Individual rice grain.166
Fra:1 Mem:134.86M (Peak 134.86M) | Time:00:00.35 | Mem:0.00M, Peak:0.00M | Scene, ViewLayer | Synchronizing object | Individual rice grain.168
Fra:1 Mem:134.87M (Peak 134.87M) | Time:00:00.35 | Mem:0.00M, Peak:0.00M | Scene, ViewLayer | Synchronizing object | Individual rice grain.169
Fra:1 Mem:134.88M (Peak 134.88M) | Time:00:00.35 | Mem:0.00M, Peak:0.00M | Scene, ViewLayer | Synchronizing object | Individual rice grain.170
Fra:1 Mem:134.89M (Peak 134.89M) | Time:00:00.35 | Mem:0.00M, Peak:0.00M | Scene, ViewLayer | Synchronizing object | Individual rice grain.172
Fra:1 Mem:134.90M (Peak 134.90M) | Time:00:00.35 | Mem:0.00M, Peak:0.00M | Scene, ViewLayer | Synchronizing object | Individual rice grain.173
Fra:1 Mem:134.91M (Peak 134.91M) | Time:00:00.35 | Mem:0.00M, Peak:0.00M | Scene, ViewLayer | Synchronizing object | Individual rice grain.174
Fra:1 Mem:134.92M (Peak 134.92M) | Time:00:00.35 | Mem:0.00M, Peak:0.00M | Scene, ViewLayer | Synchronizing object | Individual rice grain.175
Fra:1 Mem:134.93M (Peak 134.93M) | Time:00:00.35 | Mem:0.00M, Peak:0.00M | Scene, ViewLayer | Synchronizing object | Individual rice grain.176
Fra:1 Mem:134.94M (Peak 134.94M) | Time:00:00.35 | Mem:0.00M, Peak:0.00M | Scene, ViewLayer | Synchronizing object | Individual rice grain.178
Fra:1 Mem:134.94M (Peak 134.94M) | Time:00:00.35 | Mem:0.00M, Peak:0.00M | Scene, ViewLayer | Synchronizing object | Individual rice grain.179
Fra:1 Mem:134.97M (Peak 134.97M) | Time:00:00.35 | Mem:0.00M, Peak:0.00M | Scene, ViewLayer | Synchronizing object | Individual rice grain.180
Fra:1 Mem:134.98M (Peak 134.98M) | Time:00:00.35 | Mem:0.00M, Peak:0.00M | Scene, ViewLayer | Synchronizing object | Individual rice grain.183
Fra:1 Mem:134.99M (Peak 134.99M) | Time:00:00.35 | Mem:0.00M, Peak:0.00M | Scene, ViewLayer | Synchronizing object | Individual rice grain.184
Fra:1 Mem:135.00M (Peak 135.00M) | Time:00:00.35 | Mem:0.00M, Peak:0.00M | Scene, ViewLayer | Synchronizing object | Individual rice grain.185
Fra:1 Mem:135.01M (Peak 135.01M) | Time:00:00.35 | Mem:0.00M, Peak:0.00M | Scene, ViewLayer | Synchronizing object | Individual rice grain.186
Fra:1 Mem:135.02M (Peak 135.02M) | Time:00:00.35 | Mem:0.00M, Peak:0.00M | Scene, ViewLayer | Synchronizing object | Individual rice grain.187
Fra:1 Mem:135.02M (Peak 135.02M) | Time:00:00.35 | Mem:0.00M, Peak:0.00M | Scene, ViewLayer | Synchronizing object | Individual rice grain.188
Fra:1 Mem:135.04M (Peak 135.04M) | Time:00:00.35 | Mem:0.00M, Peak:0.00M | Scene, ViewLayer | Synchronizing object | Individual rice grain.190
Fra:1 Mem:135.08M (Peak 135.08M) | Time:00:00.35 | Mem:0.00M, Peak:0.00M | Scene, ViewLayer | Synchronizing object | Individual rice grain.191
Fra:1 Mem:135.08M (Peak 135.08M) | Time:00:00.35 | Mem:0.00M, Peak:0.00M | Scene, ViewLayer | Synchronizing object | Individual rice grain.194
Fra:1 Mem:135.09M (Peak 135.09M) | Time:00:00.35 | Mem:0.00M, Peak:0.00M | Scene, ViewLayer | Synchronizing object | Individual rice grain.195
Fra:1 Mem:135.10M (Peak 135.10M) | Time:00:00.35 | Mem:0.00M, Peak:0.00M | Scene, ViewLayer | Synchronizing object | Umeboshi center.003
Fra:1 Mem:135.11M (Peak 135.11M) | Time:00:00.35 | Mem:0.00M, Peak:0.00M | Scene, ViewLayer | Synchronizing object | Teriyaki chicken cut.009
Fra:1 Mem:135.12M (Peak 135.12M) | Time:00:00.35 | Mem:0.00M, Peak:0.00M | Scene, ViewLayer | Synchronizing object | Teriyaki chicken cut.011
Fra:1 Mem:135.14M (Peak 135.14M) | Time:00:00.35 | Mem:0.00M, Peak:0.00M | Scene, ViewLayer | Synchronizing object | Pickled greens.012
Fra:1 Mem:135.18M (Peak 135.18M) | Time:00:00.35 | Mem:0.00M, Peak:0.00M | Scene, ViewLayer | Synchronizing object | Pickled greens.013
Fra:1 Mem:135.21M (Peak 135.21M) | Time:00:00.35 | Mem:0.00M, Peak:0.00M | Scene, ViewLayer | Synchronizing object | Pickled greens.014
Fra:1 Mem:135.21M (Peak 135.21M) | Time:00:00.35 | Mem:0.00M, Peak:0.00M | Scene, ViewLayer | Synchronizing object | Bento tray rim.016
Fra:1 Mem:135.23M (Peak 135.23M) | Time:00:00.35 | Mem:0.00M, Peak:0.00M | Scene, ViewLayer | Synchronizing object | Bento tray rim.017
Fra:1 Mem:135.24M (Peak 135.24M) | Time:00:00.35 | Mem:0.00M, Peak:0.00M | Scene, ViewLayer | Synchronizing object | Bento tray rim.018
Fra:1 Mem:135.27M (Peak 135.27M) | Time:00:00.35 | Mem:0.00M, Peak:0.00M | Scene, ViewLayer | Synchronizing object | Bento tray rim.019
Fra:1 Mem:135.30M (Peak 135.30M) | Time:00:00.35 | Mem:0.00M, Peak:0.00M | Scene, ViewLayer | Synchronizing object | Bento divider.004
Fra:1 Mem:135.33M (Peak 135.33M) | Time:00:00.35 | Mem:0.00M, Peak:0.00M | Scene, ViewLayer | Synchronizing object | Rice paper liner.004
Fra:1 Mem:135.33M (Peak 135.33M) | Time:00:00.35 | Mem:0.00M, Peak:0.00M | Scene, ViewLayer | Synchronizing object | Individual rice grain.196
Fra:1 Mem:135.37M (Peak 135.37M) | Time:00:00.35 | Mem:0.00M, Peak:0.00M | Scene, ViewLayer | Synchronizing object | Individual rice grain.197
Fra:1 Mem:135.38M (Peak 135.38M) | Time:00:00.35 | Mem:0.00M, Peak:0.00M | Scene, ViewLayer | Synchronizing object | Individual rice grain.198
Fra:1 Mem:135.39M (Peak 135.39M) | Time:00:00.35 | Mem:0.00M, Peak:0.00M | Scene, ViewLayer | Synchronizing object | Individual rice grain.200
Fra:1 Mem:135.40M (Peak 135.40M) | Time:00:00.35 | Mem:0.00M, Peak:0.00M | Scene, ViewLayer | Synchronizing object | Individual rice grain.201
Fra:1 Mem:135.39M (Peak 135.40M) | Time:00:00.35 | Mem:0.00M, Peak:0.00M | Scene, ViewLayer | Synchronizing object | Individual rice grain.202
Fra:1 Mem:135.40M (Peak 135.40M) | Time:00:00.35 | Mem:0.00M, Peak:0.00M | Scene, ViewLayer | Synchronizing object | Individual rice grain.204
Fra:1 Mem:135.42M (Peak 135.42M) | Time:00:00.35 | Mem:0.00M, Peak:0.00M | Scene, ViewLayer | Synchronizing object | Individual rice grain.205
Fra:1 Mem:135.41M (Peak 135.42M) | Time:00:00.35 | Mem:0.00M, Peak:0.00M | Scene, ViewLayer | Synchronizing object | Individual rice grain.206
Fra:1 Mem:135.42M (Peak 135.42M) | Time:00:00.35 | Mem:0.00M, Peak:0.00M | Scene, ViewLayer | Synchronizing object | Individual rice grain.208
Fra:1 Mem:135.44M (Peak 135.44M) | Time:00:00.35 | Mem:0.00M, Peak:0.00M | Scene, ViewLayer | Synchronizing object | Individual rice grain.209
Fra:1 Mem:135.45M (Peak 135.45M) | Time:00:00.35 | Mem:0.00M, Peak:0.00M | Scene, ViewLayer | Synchronizing object | Individual rice grain.210
Fra:1 Mem:135.46M (Peak 135.46M) | Time:00:00.35 | Mem:0.00M, Peak:0.00M | Scene, ViewLayer | Synchronizing object | Individual rice grain.211
Fra:1 Mem:135.46M (Peak 135.46M) | Time:00:00.35 | Mem:0.00M, Peak:0.00M | Scene, ViewLayer | Synchronizing object | Individual rice grain.214
Fra:1 Mem:135.48M (Peak 135.48M) | Time:00:00.35 | Mem:0.00M, Peak:0.00M | Scene, ViewLayer | Synchronizing object | Individual rice grain.215
Fra:1 Mem:135.50M (Peak 135.50M) | Time:00:00.35 | Mem:0.00M, Peak:0.00M | Scene, ViewLayer | Synchronizing object | Individual rice grain.217
Fra:1 Mem:135.52M (Peak 135.52M) | Time:00:00.35 | Mem:0.00M, Peak:0.00M | Scene, ViewLayer | Synchronizing object | Individual rice grain.219
Fra:1 Mem:135.53M (Peak 135.53M) | Time:00:00.35 | Mem:0.00M, Peak:0.00M | Scene, ViewLayer | Synchronizing object | Individual rice grain.221
Fra:1 Mem:135.53M (Peak 135.53M) | Time:00:00.35 | Mem:0.00M, Peak:0.00M | Scene, ViewLayer | Synchronizing object | Individual rice grain.222
Fra:1 Mem:135.54M (Peak 135.54M) | Time:00:00.35 | Mem:0.00M, Peak:0.00M | Scene, ViewLayer | Synchronizing object | Individual rice grain.223
Fra:1 Mem:135.55M (Peak 135.55M) | Time:00:00.35 | Mem:0.00M, Peak:0.00M | Scene, ViewLayer | Synchronizing object | Individual rice grain.224
Fra:1 Mem:135.56M (Peak 135.56M) | Time:00:00.35 | Mem:0.00M, Peak:0.00M | Scene, ViewLayer | Synchronizing object | Individual rice grain.225
Fra:1 Mem:135.57M (Peak 135.57M) | Time:00:00.35 | Mem:0.00M, Peak:0.00M | Scene, ViewLayer | Synchronizing object | Individual rice grain.226
Fra:1 Mem:135.58M (Peak 135.58M) | Time:00:00.35 | Mem:0.00M, Peak:0.00M | Scene, ViewLayer | Synchronizing object | Individual rice grain.227
Fra:1 Mem:135.59M (Peak 135.59M) | Time:00:00.35 | Mem:0.00M, Peak:0.00M | Scene, ViewLayer | Synchronizing object | Individual rice grain.228
Fra:1 Mem:135.59M (Peak 135.59M) | Time:00:00.35 | Mem:0.00M, Peak:0.00M | Scene, ViewLayer | Synchronizing object | Individual rice grain.229
Fra:1 Mem:135.60M (Peak 135.60M) | Time:00:00.35 | Mem:0.00M, Peak:0.00M | Scene, ViewLayer | Synchronizing object | Individual rice grain.230
Fra:1 Mem:135.61M (Peak 135.61M) | Time:00:00.35 | Mem:0.00M, Peak:0.00M | Scene, ViewLayer | Synchronizing object | Rain downpipe
Fra:1 Mem:135.62M (Peak 135.62M) | Time:00:00.35 | Mem:0.00M, Peak:0.00M | Scene, ViewLayer | Synchronizing object | Individual rice grain.232
Fra:1 Mem:135.63M (Peak 135.63M) | Time:00:00.35 | Mem:0.00M, Peak:0.00M | Scene, ViewLayer | Synchronizing object | Rain downpipe.001
Fra:1 Mem:135.63M (Peak 135.63M) | Time:00:00.35 | Mem:0.00M, Peak:0.00M | Scene, ViewLayer | Synchronizing object | Individual rice grain.233
Fra:1 Mem:135.65M (Peak 135.65M) | Time:00:00.35 | Mem:0.00M, Peak:0.00M | Scene, ViewLayer | Synchronizing object | Cabinet pull
Fra:1 Mem:135.65M (Peak 135.65M) | Time:00:00.35 | Mem:0.00M, Peak:0.00M | Scene, ViewLayer | Synchronizing object | Individual rice grain.235
Fra:1 Mem:135.65M (Peak 135.65M) | Time:00:00.35 | Mem:0.00M, Peak:0.00M | Scene, ViewLayer | Synchronizing object | Cabinet pull.001
Fra:1 Mem:135.67M (Peak 135.67M) | Time:00:00.35 | Mem:0.00M, Peak:0.00M | Scene, ViewLayer | Synchronizing object | Individual rice grain.236
Fra:1 Mem:135.68M (Peak 135.68M) | Time:00:00.35 | Mem:0.00M, Peak:0.00M | Scene, ViewLayer | Synchronizing object | Individual rice grain.237
Fra:1 Mem:135.69M (Peak 135.69M) | Time:00:00.35 | Mem:0.00M, Peak:0.00M | Scene, ViewLayer | Synchronizing object | Individual rice grain.238
Fra:1 Mem:135.69M (Peak 135.69M) | Time:00:00.35 | Mem:0.00M, Peak:0.00M | Scene, ViewLayer | Synchronizing object | Individual rice grain.239
Fra:1 Mem:135.70M (Peak 135.70M) | Time:00:00.36 | Mem:0.00M, Peak:0.00M | Scene, ViewLayer | Synchronizing object | Individual rice grain.241
Fra:1 Mem:135.72M (Peak 135.72M) | Time:00:00.36 | Mem:0.00M, Peak:0.00M | Scene, ViewLayer | Synchronizing object | Individual rice grain.242
Fra:1 Mem:135.73M (Peak 135.73M) | Time:00:00.36 | Mem:0.00M, Peak:0.00M | Scene, ViewLayer | Synchronizing object | Individual rice grain.243
Fra:1 Mem:135.73M (Peak 135.73M) | Time:00:00.36 | Mem:0.00M, Peak:0.00M | Scene, ViewLayer | Synchronizing object | Individual rice grain.244
Fra:1 Mem:135.74M (Peak 135.74M) | Time:00:00.36 | Mem:0.00M, Peak:0.00M | Scene, ViewLayer | Synchronizing object | Cabinet pull.003
Fra:1 Mem:135.75M (Peak 135.75M) | Time:00:00.36 | Mem:0.00M, Peak:0.00M | Scene, ViewLayer | Synchronizing object | Umeboshi center.004
Fra:1 Mem:135.76M (Peak 135.76M) | Time:00:00.36 | Mem:0.00M, Peak:0.00M | Scene, ViewLayer | Synchronizing object | Teriyaki chicken cut.012
Fra:1 Mem:135.77M (Peak 135.77M) | Time:00:00.36 | Mem:0.00M, Peak:0.00M | Scene, ViewLayer | Synchronizing object | Teriyaki chicken cut.014
Fra:1 Mem:135.78M (Peak 135.78M) | Time:00:00.36 | Mem:0.00M, Peak:0.00M | Scene, ViewLayer | Synchronizing object | Pickled greens.016
Fra:1 Mem:135.79M (Peak 135.79M) | Time:00:00.36 | Mem:0.00M, Peak:0.00M | Scene, ViewLayer | Synchronizing object | Pickled greens.017
Fra:1 Mem:135.83M (Peak 135.83M) | Time:00:00.36 | Mem:0.00M, Peak:0.00M | Scene, ViewLayer | Synchronizing object | Cabinet pull.004
Fra:1 Mem:135.88M (Peak 135.88M) | Time:00:00.36 | Mem:0.00M, Peak:0.00M | Scene, ViewLayer | Synchronizing object | Pickled greens.019
Fra:1 Mem:135.90M (Peak 135.90M) | Time:00:00.36 | Mem:0.00M, Peak:0.00M | Scene, ViewLayer | Synchronizing object | Small menu card
Fra:1 Mem:135.93M (Peak 135.93M) | Time:00:00.36 | Mem:0.00M, Peak:0.00M | Scene, ViewLayer | Synchronizing object | Register upright
Fra:1 Mem:135.97M (Peak 135.97M) | Time:00:00.36 | Mem:0.00M, Peak:0.00M | Scene, ViewLayer | Synchronizing object | Register screen
Fra:1 Mem:135.99M (Peak 135.99M) | Time:00:00.36 | Mem:0.00M, Peak:0.00M | Scene, ViewLayer | Synchronizing object | Exterior menu wood frame
Fra:1 Mem:136.00M (Peak 136.00M) | Time:00:00.36 | Mem:0.00M, Peak:0.00M | Scene, ViewLayer | Synchronizing object | Sloped timber bargeboard
Fra:1 Mem:136.01M (Peak 136.01M) | Time:00:00.36 | Mem:0.00M, Peak:0.00M | Scene, ViewLayer | Synchronizing object | Sloped timber bargeboard.001
Fra:1 Mem:136.03M (Peak 136.03M) | Time:00:00.36 | Mem:0.00M, Peak:0.00M | Scene, ViewLayer | Synchronizing object | Sloped timber bargeboard.002
Fra:1 Mem:136.04M (Peak 136.04M) | Time:00:00.36 | Mem:0.00M, Peak:0.00M | Scene, ViewLayer | Synchronizing object | Area
Fra:1 Mem:136.04M (Peak 136.04M) | Time:00:00.36 | Mem:0.00M, Peak:0.00M | Scene, ViewLayer | Synchronizing object | Area.001
Fra:1 Mem:136.05M (Peak 136.05M) | Time:00:00.36 | Mem:0.00M, Peak:0.00M | Scene, ViewLayer | Synchronizing object | Area.002
Fra:1 Mem:136.08M (Peak 136.08M) | Time:00:00.36 | Mem:0.00M, Peak:0.00M | Scene, ViewLayer | Synchronizing object | Cabinet pull.007
Fra:1 Mem:136.11M (Peak 136.11M) | Time:00:00.36 | Mem:0.00M, Peak:0.00M | Scene, ViewLayer | Synchronizing object | Shop name
Fra:1 Mem:136.09M (Peak 136.11M) | Time:00:00.36 | Mem:0.00M, Peak:0.00M | Scene, ViewLayer | Synchronizing object | Scalloped awning hem
Fra:1 Mem:136.11M (Peak 136.11M) | Time:00:00.36 | Mem:0.00M, Peak:0.00M | Scene, ViewLayer | Synchronizing object | Split noren panel
Fra:1 Mem:136.11M (Peak 136.11M) | Time:00:00.36 | Mem:0.00M, Peak:0.00M | Scene, ViewLayer | Synchronizing object | Cabinet pull.008
Fra:1 Mem:136.16M (Peak 136.16M) | Time:00:00.36 | Mem:0.00M, Peak:0.00M | Scene, ViewLayer | Synchronizing object | Split noren panel.002
Fra:1 Mem:136.34M (Peak 136.34M) | Time:00:00.36 | Mem:0.00M, Peak:0.00M | Scene, ViewLayer | Synchronizing object | Overlapping rolled roof tile
Fra:1 Mem:136.38M (Peak 136.38M) | Time:00:00.36 | Mem:0.00M, Peak:0.00M | Scene, ViewLayer | Synchronizing object | Overlapping rolled roof tile.002
Fra:1 Mem:136.44M (Peak 136.44M) | Time:00:00.36 | Mem:0.00M, Peak:0.00M | Scene, ViewLayer | Synchronizing object | Overlapping rolled roof tile.003
Fra:1 Mem:136.63M (Peak 136.63M) | Time:00:00.36 | Mem:0.00M, Peak:0.00M | Scene, ViewLayer | Synchronizing object | Overlapping rolled roof tile.004
Fra:1 Mem:136.70M (Peak 136.70M) | Time:00:00.36 | Mem:0.00M, Peak:0.00M | Scene, ViewLayer | Synchronizing object | Cabinet pull.009
Fra:1 Mem:136.72M (Peak 136.72M) | Time:00:00.36 | Mem:0.00M, Peak:0.00M | Scene, ViewLayer | Synchronizing object | Overlapping rolled roof tile.007
Fra:1 Mem:136.80M (Peak 136.80M) | Time:00:00.36 | Mem:0.00M, Peak:0.00M | Scene, ViewLayer | Synchronizing object | Shelf iron bracket
Fra:1 Mem:136.87M (Peak 136.87M) | Time:00:00.36 | Mem:0.00M, Peak:0.00M | Scene, ViewLayer | Synchronizing object | Overlapping rolled roof tile.009
Fra:1 Mem:136.85M (Peak 136.87M) | Time:00:00.36 | Mem:0.00M, Peak:0.00M | Scene, ViewLayer | Synchronizing object | Overlapping rolled roof tile.010
Fra:1 Mem:136.85M (Peak 136.87M) | Time:00:00.36 | Mem:0.00M, Peak:0.00M | Scene, ViewLayer | Synchronizing object | Shelf iron bracket.001
Fra:1 Mem:136.87M (Peak 136.87M) | Time:00:00.36 | Mem:0.00M, Peak:0.00M | Scene, ViewLayer | Synchronizing object | Overlapping rolled roof tile.012
Fra:1 Mem:136.91M (Peak 136.91M) | Time:00:00.36 | Mem:0.00M, Peak:0.00M | Scene, ViewLayer | Synchronizing object | Overlapping rolled roof tile.013
Fra:1 Mem:136.92M (Peak 136.92M) | Time:00:00.36 | Mem:0.00M, Peak:0.00M | Scene, ViewLayer | Synchronizing object | Overlapping rolled roof tile.014
Fra:1 Mem:136.96M (Peak 136.96M) | Time:00:00.36 | Mem:0.00M, Peak:0.00M | Scene, ViewLayer | Synchronizing object | Overlapping rolled roof tile.019
Fra:1 Mem:136.99M (Peak 136.99M) | Time:00:00.36 | Mem:0.00M, Peak:0.00M | Scene, ViewLayer | Synchronizing object | Overlapping rolled roof tile.020
Fra:1 Mem:137.11M (Peak 137.11M) | Time:00:00.36 | Mem:0.00M, Peak:0.00M | Scene, ViewLayer | Synchronizing object | Overlapping rolled roof tile.022
Fra:1 Mem:137.12M (Peak 137.12M) | Time:00:00.36 | Mem:0.00M, Peak:0.00M | Scene, ViewLayer | Synchronizing object | Overlapping rolled roof tile.023
Fra:1 Mem:137.12M (Peak 137.12M) | Time:00:00.36 | Mem:0.00M, Peak:0.00M | Scene, ViewLayer | Synchronizing object | Overlapping rolled roof tile.024
Fra:1 Mem:137.12M (Peak 137.12M) | Time:00:00.36 | Mem:0.00M, Peak:0.00M | Scene, ViewLayer | Synchronizing object | Shelf iron bracket.003
Fra:1 Mem:137.13M (Peak 137.13M) | Time:00:00.36 | Mem:0.00M, Peak:0.00M | Scene, ViewLayer | Synchronizing object | Overlapping rolled roof tile.026
Fra:1 Mem:137.14M (Peak 137.14M) | Time:00:00.36 | Mem:0.00M, Peak:0.00M | Scene, ViewLayer | Synchronizing object | Overlapping rolled roof tile.027
Fra:1 Mem:137.16M (Peak 137.16M) | Time:00:00.36 | Mem:0.00M, Peak:0.00M | Scene, ViewLayer | Synchronizing object | Overlapping rolled roof tile.029
Fra:1 Mem:137.16M (Peak 137.16M) | Time:00:00.36 | Mem:0.00M, Peak:0.00M | Scene, ViewLayer | Synchronizing object | Overlapping rolled roof tile.031
Fra:1 Mem:137.17M (Peak 137.17M) | Time:00:00.36 | Mem:0.00M, Peak:0.00M | Scene, ViewLayer | Synchronizing object | Overlapping rolled roof tile.032
Fra:1 Mem:137.18M (Peak 137.18M) | Time:00:00.36 | Mem:0.00M, Peak:0.00M | Scene, ViewLayer | Synchronizing object | Overlapping rolled roof tile.033
Fra:1 Mem:137.18M (Peak 137.18M) | Time:00:00.36 | Mem:0.00M, Peak:0.00M | Scene, ViewLayer | Synchronizing object | Overlapping rolled roof tile.035
Fra:1 Mem:137.20M (Peak 137.20M) | Time:00:00.36 | Mem:0.00M, Peak:0.00M | Scene, ViewLayer | Synchronizing object | Overlapping rolled roof tile.036
Fra:1 Mem:137.21M (Peak 137.21M) | Time:00:00.36 | Mem:0.00M, Peak:0.00M | Scene, ViewLayer | Synchronizing object | Overlapping rolled roof tile.038
Fra:1 Mem:137.21M (Peak 137.21M) | Time:00:00.36 | Mem:0.00M, Peak:0.00M | Scene, ViewLayer | Synchronizing object | Overlapping rolled roof tile.039
Fra:1 Mem:137.22M (Peak 137.22M) | Time:00:00.36 | Mem:0.00M, Peak:0.00M | Scene, ViewLayer | Synchronizing object | Overlapping rolled roof tile.041
Fra:1 Mem:137.23M (Peak 137.23M) | Time:00:00.36 | Mem:0.00M, Peak:0.00M | Scene, ViewLayer | Synchronizing object | Overlapping rolled roof tile.042
Fra:1 Mem:137.24M (Peak 137.24M) | Time:00:00.36 | Mem:0.00M, Peak:0.00M | Scene, ViewLayer | Synchronizing object | Overlapping rolled roof tile.043
Fra:1 Mem:137.24M (Peak 137.24M) | Time:00:00.36 | Mem:0.00M, Peak:0.00M | Scene, ViewLayer | Synchronizing object | Overlapping rolled roof tile.044
Fra:1 Mem:137.25M (Peak 137.25M) | Time:00:00.36 | Mem:0.00M, Peak:0.00M | Scene, ViewLayer | Synchronizing object | Overlapping rolled roof tile.045
Fra:1 Mem:137.28M (Peak 137.28M) | Time:00:00.36 | Mem:0.00M, Peak:0.00M | Scene, ViewLayer | Synchronizing object | Overlapping rolled roof tile.048
Fra:1 Mem:137.29M (Peak 137.29M) | Time:00:00.36 | Mem:0.00M, Peak:0.00M | Scene, ViewLayer | Synchronizing object | Overlapping rolled roof tile.049
Fra:1 Mem:137.31M (Peak 137.31M) | Time:00:00.36 | Mem:0.00M, Peak:0.00M | Scene, ViewLayer | Synchronizing object | Overlapping rolled roof tile.050
Fra:1 Mem:137.32M (Peak 137.32M) | Time:00:00.36 | Mem:0.00M, Peak:0.00M | Scene, ViewLayer | Synchronizing object | Overlapping rolled roof tile.053
Fra:1 Mem:137.32M (Peak 137.32M) | Time:00:00.36 | Mem:0.00M, Peak:0.00M | Scene, ViewLayer | Synchronizing object | Overlapping rolled roof tile.054
Fra:1 Mem:137.33M (Peak 137.33M) | Time:00:00.36 | Mem:0.00M, Peak:0.00M | Scene, ViewLayer | Synchronizing object | Overlapping rolled roof tile.056
Fra:1 Mem:137.33M (Peak 137.33M) | Time:00:00.36 | Mem:0.00M, Peak:0.00M | Scene, ViewLayer | Synchronizing object | Overlapping rolled roof tile.057
Fra:1 Mem:137.34M (Peak 137.34M) | Time:00:00.36 | Mem:0.00M, Peak:0.00M | Scene, ViewLayer | Synchronizing object | Overlapping rolled roof tile.058
Fra:1 Mem:137.35M (Peak 137.35M) | Time:00:00.36 | Mem:0.00M, Peak:0.00M | Scene, ViewLayer | Synchronizing object | Overlapping rolled roof tile.059
Fra:1 Mem:137.35M (Peak 137.35M) | Time:00:00.36 | Mem:0.00M, Peak:0.00M | Scene, ViewLayer | Synchronizing object | Pendant cord.001
Fra:1 Mem:137.36M (Peak 137.36M) | Time:00:00.36 | Mem:0.00M, Peak:0.00M | Scene, ViewLayer | Synchronizing object | Overlapping rolled roof tile.061
Fra:1 Mem:137.37M (Peak 137.37M) | Time:00:00.36 | Mem:0.00M, Peak:0.00M | Scene, ViewLayer | Synchronizing object | Pendant cord.002
Fra:1 Mem:137.38M (Peak 137.38M) | Time:00:00.36 | Mem:0.00M, Peak:0.00M | Scene, ViewLayer | Synchronizing object | Overlapping rolled roof tile.064
Fra:1 Mem:137.39M (Peak 137.39M) | Time:00:00.36 | Mem:0.00M, Peak:0.00M | Scene, ViewLayer | Synchronizing object | Grill glaze detail
Fra:1 Mem:137.39M (Peak 137.39M) | Time:00:00.36 | Mem:0.00M, Peak:0.00M | Scene, ViewLayer | Synchronizing object | Overlapping rolled roof tile.066
Fra:1 Mem:137.39M (Peak 137.39M) | Time:00:00.36 | Mem:0.00M, Peak:0.00M | Scene, ViewLayer | Synchronizing object | Grill glaze detail.001
Fra:1 Mem:137.40M (Peak 137.40M) | Time:00:00.36 | Mem:0.00M, Peak:0.00M | Scene, ViewLayer | Synchronizing object | Overlapping rolled roof tile.067
Fra:1 Mem:137.40M (Peak 137.40M) | Time:00:00.36 | Mem:0.00M, Peak:0.00M | Scene, ViewLayer | Synchronizing object | Overlapping rolled roof tile.068
Fra:1 Mem:137.41M (Peak 137.41M) | Time:00:00.36 | Mem:0.00M, Peak:0.00M | Scene, ViewLayer | Synchronizing object | Grill glaze detail.002
Fra:1 Mem:137.41M (Peak 137.41M) | Time:00:00.36 | Mem:0.00M, Peak:0.00M | Scene, ViewLayer | Synchronizing object | Overlapping rolled roof tile.070
Fra:1 Mem:137.42M (Peak 137.42M) | Time:00:00.36 | Mem:0.00M, Peak:0.00M | Scene, ViewLayer | Synchronizing object | Overlapping rolled roof tile.071
Fra:1 Mem:137.43M (Peak 137.43M) | Time:00:00.36 | Mem:0.00M, Peak:0.00M | Scene, ViewLayer | Synchronizing object | Overlapping rolled roof tile.072
Fra:1 Mem:137.44M (Peak 137.43M) | Time:00:00.36 | Mem:0.00M, Peak:0.00M | Scene, ViewLayer | Synchronizing object | Overlapping rolled roof tile.073
Fra:1 Mem:137.44M (Peak 137.44M) | Time:00:00.36 | Mem:0.00M, Peak:0.00M | Scene, ViewLayer | Synchronizing object | Grill glaze detail.003
Fra:1 Mem:137.44M (Peak 137.44M) | Time:00:00.36 | Mem:0.00M, Peak:0.00M | Scene, ViewLayer | Synchronizing object | Overlapping rolled roof tile.075
Fra:1 Mem:137.45M (Peak 137.45M) | Time:00:00.36 | Mem:0.00M, Peak:0.00M | Scene, ViewLayer | Synchronizing object | Grill glaze detail.004
Fra:1 Mem:137.46M (Peak 137.46M) | Time:00:00.36 | Mem:0.00M, Peak:0.00M | Scene, ViewLayer | Synchronizing object | Overlapping rolled roof tile.076
Fra:1 Mem:137.46M (Peak 137.46M) | Time:00:00.36 | Mem:0.00M, Peak:0.00M | Scene, ViewLayer | Synchronizing object | Overlapping rolled roof tile.077
Fra:1 Mem:137.47M (Peak 137.47M) | Time:00:00.36 | Mem:0.00M, Peak:0.00M | Scene, ViewLayer | Synchronizing object | Overlapping rolled roof tile.078
Fra:1 Mem:137.47M (Peak 137.47M) | Time:00:00.36 | Mem:0.00M, Peak:0.00M | Scene, ViewLayer | Synchronizing object | Overlapping rolled roof tile.079
Fra:1 Mem:137.48M (Peak 137.48M) | Time:00:00.36 | Mem:0.00M, Peak:0.00M | Scene, ViewLayer | Synchronizing object | Overlapping rolled roof tile.080
Fra:1 Mem:137.48M (Peak 137.48M) | Time:00:00.36 | Mem:0.00M, Peak:0.00M | Scene, ViewLayer | Synchronizing object | Overlapping rolled roof tile.081
Fra:1 Mem:137.48M (Peak 137.48M) | Time:00:00.36 | Mem:0.00M, Peak:0.00M | Scene, ViewLayer | Synchronizing object | Overlapping rolled roof tile.082
Fra:1 Mem:137.48M (Peak 137.48M) | Time:00:00.36 | Mem:0.00M, Peak:0.00M | Scene, ViewLayer | Synchronizing object | Grill glaze detail.005
Fra:1 Mem:137.49M (Peak 137.49M) | Time:00:00.36 | Mem:0.00M, Peak:0.00M | Scene, ViewLayer | Synchronizing object | Overlapping rolled roof tile.083
Fra:1 Mem:137.50M (Peak 137.50M) | Time:00:00.36 | Mem:0.00M, Peak:0.00M | Scene, ViewLayer | Synchronizing object | Grill glaze detail.006
Fra:1 Mem:137.50M (Peak 137.50M) | Time:00:00.36 | Mem:0.00M, Peak:0.00M | Scene, ViewLayer | Synchronizing object | Overlapping rolled roof tile.084
Fra:1 Mem:137.51M (Peak 137.51M) | Time:00:00.36 | Mem:0.00M, Peak:0.00M | Scene, ViewLayer | Synchronizing object | Overlapping rolled roof tile.085
Fra:1 Mem:137.51M (Peak 137.51M) | Time:00:00.36 | Mem:0.00M, Peak:0.00M | Scene, ViewLayer | Synchronizing object | Overlapping rolled roof tile.086
Fra:1 Mem:137.52M (Peak 137.52M) | Time:00:00.36 | Mem:0.00M, Peak:0.00M | Scene, ViewLayer | Synchronizing object | Overlapping rolled roof tile.087
Fra:1 Mem:137.52M (Peak 137.52M) | Time:00:00.36 | Mem:0.00M, Peak:0.00M | Scene, ViewLayer | Synchronizing object | Overlapping rolled roof tile.088
Fra:1 Mem:137.53M (Peak 137.53M) | Time:00:00.36 | Mem:0.00M, Peak:0.00M | Scene, ViewLayer | Synchronizing object | Overlapping rolled roof tile.089
Fra:1 Mem:137.54M (Peak 137.54M) | Time:00:00.36 | Mem:0.00M, Peak:0.00M | Scene, ViewLayer | Synchronizing object | Overlapping rolled roof tile.090
Fra:1 Mem:137.54M (Peak 137.54M) | Time:00:00.36 | Mem:0.00M, Peak:0.00M | Scene, ViewLayer | Synchronizing object | Overlapping rolled roof tile.091
Fra:1 Mem:137.55M (Peak 137.55M) | Time:00:00.36 | Mem:0.00M, Peak:0.00M | Scene, ViewLayer | Synchronizing object | Overlapping rolled roof tile.093
Fra:1 Mem:137.56M (Peak 137.56M) | Time:00:00.36 | Mem:0.00M, Peak:0.00M | Scene, ViewLayer | Synchronizing object | Overlapping rolled roof tile.094
Fra:1 Mem:137.56M (Peak 137.56M) | Time:00:00.36 | Mem:0.00M, Peak:0.00M | Scene, ViewLayer | Synchronizing object | Overlapping rolled roof tile.095
Fra:1 Mem:137.57M (Peak 137.57M) | Time:00:00.36 | Mem:0.00M, Peak:0.00M | Scene, ViewLayer | Synchronizing object | Overlapping rolled roof tile.097
Fra:1 Mem:137.58M (Peak 137.58M) | Time:00:00.36 | Mem:0.00M, Peak:0.00M | Scene, ViewLayer | Synchronizing object | Overlapping rolled roof tile.098
Fra:1 Mem:137.59M (Peak 137.59M) | Time:00:00.36 | Mem:0.00M, Peak:0.00M | Scene, ViewLayer | Synchronizing object | Overlapping rolled roof tile.099
Fra:1 Mem:137.59M (Peak 137.59M) | Time:00:00.36 | Mem:0.00M, Peak:0.00M | Scene, ViewLayer | Synchronizing object | Overlapping rolled roof tile.100
Fra:1 Mem:137.59M (Peak 137.59M) | Time:00:00.36 | Mem:0.00M, Peak:0.00M | Scene, ViewLayer | Synchronizing object | Overlapping rolled roof tile.101
Fra:1 Mem:137.60M (Peak 137.60M) | Time:00:00.36 | Mem:0.00M, Peak:0.00M | Scene, ViewLayer | Synchronizing object | Overlapping rolled roof tile.102
Fra:1 Mem:137.61M (Peak 137.61M) | Time:00:00.36 | Mem:0.00M, Peak:0.00M | Scene, ViewLayer | Synchronizing object | Overlapping rolled roof tile.103
Fra:1 Mem:137.61M (Peak 137.61M) | Time:00:00.36 | Mem:0.00M, Peak:0.00M | Scene, ViewLayer | Synchronizing object | Overlapping rolled roof tile.105
Fra:1 Mem:137.62M (Peak 137.62M) | Time:00:00.36 | Mem:0.00M, Peak:0.00M | Scene, ViewLayer | Synchronizing object | Overlapping rolled roof tile.106
Fra:1 Mem:137.63M (Peak 137.63M) | Time:00:00.36 | Mem:0.00M, Peak:0.00M | Scene, ViewLayer | Synchronizing object | Grill glaze detail.008
Fra:1 Mem:137.64M (Peak 137.64M) | Time:00:00.36 | Mem:0.00M, Peak:0.00M | Scene, ViewLayer | Synchronizing object | Overlapping rolled roof tile.108
Fra:1 Mem:137.64M (Peak 137.64M) | Time:00:00.36 | Mem:0.00M, Peak:0.00M | Scene, ViewLayer | Synchronizing object | Overlapping rolled roof tile.109
Fra:1 Mem:137.65M (Peak 137.65M) | Time:00:00.36 | Mem:0.00M, Peak:0.00M | Scene, ViewLayer | Synchronizing object | Overlapping rolled roof tile.110
Fra:1 Mem:137.65M (Peak 137.65M) | Time:00:00.36 | Mem:0.00M, Peak:0.00M | Scene, ViewLayer | Synchronizing object | Overlapping rolled roof tile.112
Fra:1 Mem:137.67M (Peak 137.67M) | Time:00:00.36 | Mem:0.00M, Peak:0.00M | Scene, ViewLayer | Synchronizing object | Overlapping rolled roof tile.113
Fra:1 Mem:137.67M (Peak 137.67M) | Time:00:00.36 | Mem:0.00M, Peak:0.00M | Scene, ViewLayer | Synchronizing object | Overlapping rolled roof tile.114
Fra:1 Mem:137.68M (Peak 137.68M) | Time:00:00.36 | Mem:0.00M, Peak:0.00M | Scene, ViewLayer | Synchronizing object | Overlapping rolled roof tile.116
Fra:1 Mem:137.68M (Peak 137.68M) | Time:00:00.36 | Mem:0.00M, Peak:0.00M | Scene, ViewLayer | Synchronizing object | Overlapping rolled roof tile.117
Fra:1 Mem:137.69M (Peak 137.69M) | Time:00:00.36 | Mem:0.00M, Peak:0.00M | Scene, ViewLayer | Synchronizing object | Overlapping rolled roof tile.118
Fra:1 Mem:137.70M (Peak 137.70M) | Time:00:00.36 | Mem:0.00M, Peak:0.00M | Scene, ViewLayer | Synchronizing object | Overlapping rolled roof tile.119
Fra:1 Mem:137.70M (Peak 137.70M) | Time:00:00.36 | Mem:0.00M, Peak:0.00M | Scene, ViewLayer | Synchronizing object | Overlapping rolled roof tile.120
Fra:1 Mem:137.71M (Peak 137.71M) | Time:00:00.36 | Mem:0.00M, Peak:0.00M | Scene, ViewLayer | Synchronizing object | Overlapping rolled roof tile.121
Fra:1 Mem:137.72M (Peak 137.72M) | Time:00:00.36 | Mem:0.00M, Peak:0.00M | Scene, ViewLayer | Synchronizing object | Overlapping rolled roof tile.123
Fra:1 Mem:137.72M (Peak 137.72M) | Time:00:00.36 | Mem:0.00M, Peak:0.00M | Scene, ViewLayer | Synchronizing object | Overlapping rolled roof tile.125
Fra:1 Mem:137.73M (Peak 137.73M) | Time:00:00.36 | Mem:0.00M, Peak:0.00M | Scene, ViewLayer | Synchronizing object | Overlapping rolled roof tile.126
Fra:1 Mem:137.74M (Peak 137.74M) | Time:00:00.36 | Mem:0.00M, Peak:0.00M | Scene, ViewLayer | Synchronizing object | Overlapping rolled roof tile.127
Fra:1 Mem:137.74M (Peak 137.74M) | Time:00:00.36 | Mem:0.00M, Peak:0.00M | Scene, ViewLayer | Synchronizing object | Overlapping rolled roof tile.128
Fra:1 Mem:137.75M (Peak 137.75M) | Time:00:00.36 | Mem:0.00M, Peak:0.00M | Scene, ViewLayer | Synchronizing object | Overlapping rolled roof tile.130
Fra:1 Mem:137.76M (Peak 137.76M) | Time:00:00.36 | Mem:0.00M, Peak:0.00M | Scene, ViewLayer | Synchronizing object | Overlapping rolled roof tile.131
Fra:1 Mem:137.77M (Peak 137.77M) | Time:00:00.36 | Mem:0.00M, Peak:0.00M | Scene, ViewLayer | Synchronizing object | Overlapping rolled roof tile.133
Fra:1 Mem:137.78M (Peak 137.78M) | Time:00:00.36 | Mem:0.00M, Peak:0.00M | Scene, ViewLayer | Synchronizing object | Overlapping rolled roof tile.134
Fra:1 Mem:137.78M (Peak 137.78M) | Time:00:00.36 | Mem:0.00M, Peak:0.00M | Scene, ViewLayer | Synchronizing object | Overlapping rolled roof tile.135
Fra:1 Mem:137.79M (Peak 137.79M) | Time:00:00.36 | Mem:0.00M, Peak:0.00M | Scene, ViewLayer | Synchronizing object | Overlapping rolled roof tile.136
Fra:1 Mem:137.79M (Peak 137.79M) | Time:00:00.36 | Mem:0.00M, Peak:0.00M | Scene, ViewLayer | Synchronizing object | Overlapping rolled roof tile.137
Fra:1 Mem:137.80M (Peak 137.80M) | Time:00:00.36 | Mem:0.00M, Peak:0.00M | Scene, ViewLayer | Synchronizing object | Overlapping rolled roof tile.138
Fra:1 Mem:137.80M (Peak 137.80M) | Time:00:00.36 | Mem:0.00M, Peak:0.00M | Scene, ViewLayer | Synchronizing object | Overlapping rolled roof tile.139
Fra:1 Mem:137.81M (Peak 137.81M) | Time:00:00.36 | Mem:0.00M, Peak:0.00M | Scene, ViewLayer | Synchronizing object | Overlapping rolled roof tile.140
Fra:1 Mem:137.82M (Peak 137.82M) | Time:00:00.36 | Mem:0.00M, Peak:0.00M | Scene, ViewLayer | Synchronizing object | Overlapping rolled roof tile.141
Fra:1 Mem:137.82M (Peak 137.82M) | Time:00:00.36 | Mem:0.00M, Peak:0.00M | Scene, ViewLayer | Synchronizing object | Overlapping rolled roof tile.142
Fra:1 Mem:137.83M (Peak 137.83M) | Time:00:00.36 | Mem:0.00M, Peak:0.00M | Scene, ViewLayer | Synchronizing object | Overlapping rolled roof tile.143
Fra:1 Mem:137.83M (Peak 137.83M) | Time:00:00.36 | Mem:0.00M, Peak:0.00M | Scene, ViewLayer | Synchronizing object | Overlapping rolled roof tile.145
Fra:1 Mem:137.84M (Peak 137.84M) | Time:00:00.36 | Mem:0.00M, Peak:0.00M | Scene, ViewLayer | Synchronizing object | Overlapping rolled roof tile.146
Fra:1 Mem:137.85M (Peak 137.85M) | Time:00:00.36 | Mem:0.00M, Peak:0.00M | Scene, ViewLayer | Synchronizing object | Overlapping rolled roof tile.147
Fra:1 Mem:137.86M (Peak 137.86M) | Time:00:00.36 | Mem:0.00M, Peak:0.00M | Scene, ViewLayer | Synchronizing object | Overlapping rolled roof tile.148
Fra:1 Mem:137.86M (Peak 137.86M) | Time:00:00.36 | Mem:0.00M, Peak:0.00M | Scene, ViewLayer | Synchronizing object | Overlapping rolled roof tile.150
Fra:1 Mem:137.87M (Peak 137.87M) | Time:00:00.36 | Mem:0.00M, Peak:0.00M | Scene, ViewLayer | Synchronizing object | Overlapping rolled roof tile.151
Fra:1 Mem:137.87M (Peak 137.87M) | Time:00:00.36 | Mem:0.00M, Peak:0.00M | Scene, ViewLayer | Synchronizing object | Grill glaze detail.009
Fra:1 Mem:137.88M (Peak 137.88M) | Time:00:00.36 | Mem:0.00M, Peak:0.00M | Scene, ViewLayer | Synchronizing object | Overlapping rolled roof tile.152
Fra:1 Mem:137.89M (Peak 137.89M) | Time:00:00.36 | Mem:0.00M, Peak:0.00M | Scene, ViewLayer | Synchronizing object | Overlapping rolled roof tile.154
Fra:1 Mem:137.89M (Peak 137.89M) | Time:00:00.36 | Mem:0.00M, Peak:0.00M | Scene, ViewLayer | Synchronizing object | Grill glaze detail.010
Fra:1 Mem:137.89M (Peak 137.89M) | Time:00:00.36 | Mem:0.00M, Peak:0.00M | Scene, ViewLayer | Synchronizing object | Overlapping rolled roof tile.155
Fra:1 Mem:137.90M (Peak 137.90M) | Time:00:00.36 | Mem:0.00M, Peak:0.00M | Scene, ViewLayer | Synchronizing object | Overlapping rolled roof tile.156
Fra:1 Mem:137.91M (Peak 137.91M) | Time:00:00.36 | Mem:0.00M, Peak:0.00M | Scene, ViewLayer | Synchronizing object | Overlapping rolled roof tile.158
Fra:1 Mem:137.92M (Peak 137.92M) | Time:00:00.36 | Mem:0.00M, Peak:0.00M | Scene, ViewLayer | Synchronizing object | Overlapping rolled roof tile.160
Fra:1 Mem:137.92M (Peak 137.92M) | Time:00:00.36 | Mem:0.00M, Peak:0.00M | Scene, ViewLayer | Synchronizing object | Overlapping rolled roof tile.161
Fra:1 Mem:137.94M (Peak 137.94M) | Time:00:00.36 | Mem:0.00M, Peak:0.00M | Scene, ViewLayer | Synchronizing object | Overlapping rolled roof tile.162
Fra:1 Mem:137.95M (Peak 137.95M) | Time:00:00.36 | Mem:0.00M, Peak:0.00M | Scene, ViewLayer | Synchronizing object | Overlapping rolled roof tile.163
Fra:1 Mem:137.96M (Peak 137.96M) | Time:00:00.36 | Mem:0.00M, Peak:0.00M | Scene, ViewLayer | Synchronizing object | Overlapping rolled roof tile.166
Fra:1 Mem:137.96M (Peak 137.96M) | Time:00:00.36 | Mem:0.00M, Peak:0.00M | Scene, ViewLayer | Synchronizing object | Overlapping rolled roof tile.167
Fra:1 Mem:137.97M (Peak 137.97M) | Time:00:00.36 | Mem:0.00M, Peak:0.00M | Scene, ViewLayer | Synchronizing object | Overlapping rolled roof tile.168
Fra:1 Mem:137.98M (Peak 137.98M) | Time:00:00.36 | Mem:0.00M, Peak:0.00M | Scene, ViewLayer | Synchronizing object | Overlapping rolled roof tile.170
Fra:1 Mem:137.99M (Peak 137.99M) | Time:00:00.36 | Mem:0.00M, Peak:0.00M | Scene, ViewLayer | Synchronizing object | Overlapping rolled roof tile.172
Fra:1 Mem:138.00M (Peak 138.00M) | Time:00:00.36 | Mem:0.00M, Peak:0.00M | Scene, ViewLayer | Synchronizing object | Overlapping rolled roof tile.173
Fra:1 Mem:138.00M (Peak 138.00M) | Time:00:00.36 | Mem:0.00M, Peak:0.00M | Scene, ViewLayer | Synchronizing object | Overlapping rolled roof tile.174
Fra:1 Mem:138.01M (Peak 138.01M) | Time:00:00.36 | Mem:0.00M, Peak:0.00M | Scene, ViewLayer | Synchronizing object | Overlapping rolled roof tile.175
Fra:1 Mem:138.02M (Peak 138.02M) | Time:00:00.36 | Mem:0.00M, Peak:0.00M | Scene, ViewLayer | Synchronizing object | Overlapping rolled roof tile.177
Fra:1 Mem:138.02M (Peak 138.02M) | Time:00:00.36 | Mem:0.00M, Peak:0.00M | Scene, ViewLayer | Synchronizing object | Overlapping rolled roof tile.178
Fra:1 Mem:138.03M (Peak 138.03M) | Time:00:00.36 | Mem:0.00M, Peak:0.00M | Scene, ViewLayer | Synchronizing object | Overlapping rolled roof tile.179
Fra:1 Mem:138.03M (Peak 138.03M) | Time:00:00.36 | Mem:0.00M, Peak:0.00M | Scene, ViewLayer | Synchronizing object | Overlapping rolled roof tile.180
Fra:1 Mem:138.04M (Peak 138.04M) | Time:00:00.36 | Mem:0.00M, Peak:0.00M | Scene, ViewLayer | Synchronizing object | Overlapping rolled roof tile.181
Fra:1 Mem:138.05M (Peak 138.05M) | Time:00:00.36 | Mem:0.00M, Peak:0.00M | Scene, ViewLayer | Synchronizing object | Overlapping rolled roof tile.182
Fra:1 Mem:138.05M (Peak 138.05M) | Time:00:00.36 | Mem:0.00M, Peak:0.00M | Scene, ViewLayer | Synchronizing object | Grill glaze detail.012
Fra:1 Mem:138.06M (Peak 138.06M) | Time:00:00.36 | Mem:0.00M, Peak:0.00M | Scene, ViewLayer | Synchronizing object | Overlapping rolled roof tile.183
Fra:1 Mem:138.06M (Peak 138.06M) | Time:00:00.36 | Mem:0.00M, Peak:0.00M | Scene, ViewLayer | Synchronizing object | Overlapping rolled roof tile.184
Fra:1 Mem:138.06M (Peak 138.06M) | Time:00:00.36 | Mem:0.00M, Peak:0.00M | Scene, ViewLayer | Synchronizing object | Grill glaze detail.013
Fra:1 Mem:138.07M (Peak 138.07M) | Time:00:00.36 | Mem:0.00M, Peak:0.00M | Scene, ViewLayer | Synchronizing object | Overlapping rolled roof tile.185
Fra:1 Mem:138.07M (Peak 138.07M) | Time:00:00.36 | Mem:0.00M, Peak:0.00M | Scene, ViewLayer | Synchronizing object | Overlapping rolled roof tile.186
Fra:1 Mem:138.07M (Peak 138.07M) | Time:00:00.36 | Mem:0.00M, Peak:0.00M | Scene, ViewLayer | Synchronizing object | Overlapping rolled roof tile.187
Fra:1 Mem:138.09M (Peak 138.09M) | Time:00:00.36 | Mem:0.00M, Peak:0.00M | Scene, ViewLayer | Synchronizing object | Overlapping rolled roof tile.188
Fra:1 Mem:138.09M (Peak 138.09M) | Time:00:00.36 | Mem:0.00M, Peak:0.00M | Scene, ViewLayer | Synchronizing object | Overlapping rolled roof tile.190
Fra:1 Mem:138.10M (Peak 138.10M) | Time:00:00.36 | Mem:0.00M, Peak:0.00M | Scene, ViewLayer | Synchronizing object | Overlapping rolled roof tile.191
Fra:1 Mem:138.11M (Peak 138.11M) | Time:00:00.36 | Mem:0.00M, Peak:0.00M | Scene, ViewLayer | Synchronizing object | Overlapping rolled roof tile.192
Fra:1 Mem:138.12M (Peak 138.12M) | Time:00:00.36 | Mem:0.00M, Peak:0.00M | Scene, ViewLayer | Synchronizing object | Overlapping rolled roof tile.194
Fra:1 Mem:138.12M (Peak 138.12M) | Time:00:00.36 | Mem:0.00M, Peak:0.00M | Scene, ViewLayer | Synchronizing object | Overlapping rolled roof tile.195
Fra:1 Mem:138.13M (Peak 138.13M) | Time:00:00.36 | Mem:0.00M, Peak:0.00M | Scene, ViewLayer | Synchronizing object | Overlapping rolled roof tile.196
Fra:1 Mem:138.13M (Peak 138.13M) | Time:00:00.36 | Mem:0.00M, Peak:0.00M | Scene, ViewLayer | Synchronizing object | Overlapping rolled roof tile.197
Fra:1 Mem:138.15M (Peak 138.15M) | Time:00:00.36 | Mem:0.00M, Peak:0.00M | Scene, ViewLayer | Synchronizing object | Overlapping rolled roof tile.198
Fra:1 Mem:138.15M (Peak 138.15M) | Time:00:00.36 | Mem:0.00M, Peak:0.00M | Scene, ViewLayer | Synchronizing object | Overlapping rolled roof tile.201
Fra:1 Mem:138.16M (Peak 138.16M) | Time:00:00.36 | Mem:0.00M, Peak:0.00M | Scene, ViewLayer | Synchronizing object | Overlapping rolled roof tile.202
Fra:1 Mem:138.17M (Peak 138.17M) | Time:00:00.36 | Mem:0.00M, Peak:0.00M | Scene, ViewLayer | Synchronizing object | Overlapping rolled roof tile.205
Fra:1 Mem:138.19M (Peak 138.19M) | Time:00:00.36 | Mem:0.00M, Peak:0.00M | Scene, ViewLayer | Synchronizing object | Grill glaze detail.015
Fra:1 Mem:138.19M (Peak 138.19M) | Time:00:00.36 | Mem:0.00M, Peak:0.00M | Scene, ViewLayer | Synchronizing object | Overlapping rolled roof tile.207
Fra:1 Mem:138.19M (Peak 138.19M) | Time:00:00.36 | Mem:0.00M, Peak:0.00M | Scene, ViewLayer | Synchronizing object | Grill glaze detail.016
Fra:1 Mem:138.20M (Peak 138.20M) | Time:00:00.36 | Mem:0.00M, Peak:0.00M | Scene, ViewLayer | Synchronizing object | Overlapping rolled roof tile.208
Fra:1 Mem:138.20M (Peak 138.20M) | Time:00:00.36 | Mem:0.00M, Peak:0.00M | Scene, ViewLayer | Synchronizing object | Overlapping rolled roof tile.209
Fra:1 Mem:138.21M (Peak 138.21M) | Time:00:00.36 | Mem:0.00M, Peak:0.00M | Scene, ViewLayer | Synchronizing object | Overlapping rolled roof tile.210
Fra:1 Mem:138.22M (Peak 138.22M) | Time:00:00.36 | Mem:0.00M, Peak:0.00M | Scene, ViewLayer | Synchronizing object | Overlapping rolled roof tile.211
Fra:1 Mem:138.22M (Peak 138.22M) | Time:00:00.36 | Mem:0.00M, Peak:0.00M | Scene, ViewLayer | Synchronizing object | Overlapping rolled roof tile.213
Fra:1 Mem:138.23M (Peak 138.23M) | Time:00:00.36 | Mem:0.00M, Peak:0.00M | Scene, ViewLayer | Synchronizing object | Overlapping rolled roof tile.214
Fra:1 Mem:138.24M (Peak 138.24M) | Time:00:00.36 | Mem:0.00M, Peak:0.00M | Scene, ViewLayer | Synchronizing object | Overlapping rolled roof tile.215
Fra:1 Mem:138.24M (Peak 138.24M) | Time:00:00.36 | Mem:0.00M, Peak:0.00M | Scene, ViewLayer | Synchronizing object | Grill glaze detail.017
Fra:1 Mem:138.25M (Peak 138.25M) | Time:00:00.36 | Mem:0.00M, Peak:0.00M | Scene, ViewLayer | Synchronizing object | Overlapping rolled roof tile.217
Fra:1 Mem:138.25M (Peak 138.25M) | Time:00:00.36 | Mem:0.00M, Peak:0.00M | Scene, ViewLayer | Synchronizing object | Overlapping rolled roof tile.218
Fra:1 Mem:138.26M (Peak 138.26M) | Time:00:00.36 | Mem:0.00M, Peak:0.00M | Scene, ViewLayer | Synchronizing object | Grill glaze detail.018
Fra:1 Mem:138.26M (Peak 138.26M) | Time:00:00.36 | Mem:0.00M, Peak:0.00M | Scene, ViewLayer | Synchronizing object | Overlapping rolled roof tile.219
Fra:1 Mem:138.27M (Peak 138.27M) | Time:00:00.36 | Mem:0.00M, Peak:0.00M | Scene, ViewLayer | Synchronizing object | Overlapping rolled roof tile.220
Fra:1 Mem:138.27M (Peak 138.27M) | Time:00:00.36 | Mem:0.00M, Peak:0.00M | Scene, ViewLayer | Synchronizing object | Overlapping rolled roof tile.221
Fra:1 Mem:138.28M (Peak 138.28M) | Time:00:00.36 | Mem:0.00M, Peak:0.00M | Scene, ViewLayer | Synchronizing object | Overlapping rolled roof tile.222
Fra:1 Mem:138.29M (Peak 138.29M) | Time:00:00.36 | Mem:0.00M, Peak:0.00M | Scene, ViewLayer | Synchronizing object | Overlapping rolled roof tile.224
Fra:1 Mem:138.30M (Peak 138.30M) | Time:00:00.36 | Mem:0.00M, Peak:0.00M | Scene, ViewLayer | Synchronizing object | Overlapping rolled roof tile.225
Fra:1 Mem:138.30M (Peak 138.30M) | Time:00:00.36 | Mem:0.00M, Peak:0.00M | Scene, ViewLayer | Synchronizing object | Overlapping rolled roof tile.226
Fra:1 Mem:138.31M (Peak 138.31M) | Time:00:00.36 | Mem:0.00M, Peak:0.00M | Scene, ViewLayer | Synchronizing object | Overlapping rolled roof tile.227
Fra:1 Mem:138.31M (Peak 138.31M) | Time:00:00.36 | Mem:0.00M, Peak:0.00M | Scene, ViewLayer | Synchronizing object | Overlapping rolled roof tile.228
Fra:1 Mem:138.32M (Peak 138.32M) | Time:00:00.36 | Mem:0.00M, Peak:0.00M | Scene, ViewLayer | Synchronizing object | Overlapping rolled roof tile.229
Fra:1 Mem:138.32M (Peak 138.32M) | Time:00:00.36 | Mem:0.00M, Peak:0.00M | Scene, ViewLayer | Synchronizing object | Overlapping rolled roof tile.230
Fra:1 Mem:138.33M (Peak 138.33M) | Time:00:00.36 | Mem:0.00M, Peak:0.00M | Scene, ViewLayer | Synchronizing object | Overlapping rolled roof tile.231
Fra:1 Mem:138.34M (Peak 138.34M) | Time:00:00.36 | Mem:0.00M, Peak:0.00M | Scene, ViewLayer | Synchronizing object | Overlapping rolled roof tile.232
Fra:1 Mem:138.34M (Peak 138.34M) | Time:00:00.36 | Mem:0.00M, Peak:0.00M | Scene, ViewLayer | Synchronizing object | Overlapping rolled roof tile.234
Fra:1 Mem:138.35M (Peak 138.35M) | Time:00:00.36 | Mem:0.00M, Peak:0.00M | Scene, ViewLayer | Synchronizing object | Overlapping rolled roof tile.235
Fra:1 Mem:138.35M (Peak 138.35M) | Time:00:00.36 | Mem:0.00M, Peak:0.00M | Scene, ViewLayer | Synchronizing object | Overlapping rolled roof tile.236
Fra:1 Mem:138.36M (Peak 138.36M) | Time:00:00.36 | Mem:0.00M, Peak:0.00M | Scene, ViewLayer | Synchronizing object | Overlapping rolled roof tile.237
Fra:1 Mem:138.38M (Peak 138.38M) | Time:00:00.36 | Mem:0.00M, Peak:0.00M | Scene, ViewLayer | Synchronizing object | Overlapping rolled roof tile.239
Fra:1 Mem:138.38M (Peak 138.38M) | Time:00:00.36 | Mem:0.00M, Peak:0.00M | Scene, ViewLayer | Synchronizing object | Overlapping rolled roof tile.241
Fra:1 Mem:138.39M (Peak 138.39M) | Time:00:00.36 | Mem:0.00M, Peak:0.00M | Scene, ViewLayer | Synchronizing object | Overlapping rolled roof tile.242
Fra:1 Mem:138.40M (Peak 138.40M) | Time:00:00.36 | Mem:0.00M, Peak:0.00M | Scene, ViewLayer | Synchronizing object | Overlapping rolled roof tile.243
Fra:1 Mem:138.40M (Peak 138.40M) | Time:00:00.36 | Mem:0.00M, Peak:0.00M | Scene, ViewLayer | Synchronizing object | Overlapping rolled roof tile.244
Fra:1 Mem:138.40M (Peak 138.40M) | Time:00:00.36 | Mem:0.00M, Peak:0.00M | Scene, ViewLayer | Synchronizing object | Overlapping rolled roof tile.245
Fra:1 Mem:138.41M (Peak 138.41M) | Time:00:00.36 | Mem:0.00M, Peak:0.00M | Scene, ViewLayer | Synchronizing object | Grill glaze detail.021
Fra:1 Mem:138.42M (Peak 138.42M) | Time:00:00.36 | Mem:0.00M, Peak:0.00M | Scene, ViewLayer | Synchronizing object | Overlapping rolled roof tile.246
Fra:1 Mem:138.42M (Peak 138.42M) | Time:00:00.36 | Mem:0.00M, Peak:0.00M | Scene, ViewLayer | Synchronizing object | Overlapping rolled roof tile.248
Fra:1 Mem:138.43M (Peak 138.43M) | Time:00:00.36 | Mem:0.00M, Peak:0.00M | Scene, ViewLayer | Synchronizing object | Overlapping rolled roof tile.249
Fra:1 Mem:138.44M (Peak 138.44M) | Time:00:00.36 | Mem:0.00M, Peak:0.00M | Scene, ViewLayer | Synchronizing object | Overlapping rolled roof tile.250
Fra:1 Mem:138.44M (Peak 138.44M) | Time:00:00.36 | Mem:0.00M, Peak:0.00M | Scene, ViewLayer | Synchronizing object | Overlapping rolled roof tile.251
Fra:1 Mem:138.45M (Peak 138.45M) | Time:00:00.36 | Mem:0.00M, Peak:0.00M | Scene, ViewLayer | Synchronizing object | Overlapping rolled roof tile.252
Fra:1 Mem:138.45M (Peak 138.45M) | Time:00:00.36 | Mem:0.00M, Peak:0.00M | Scene, ViewLayer | Synchronizing object | Overlapping rolled roof tile.253
Fra:1 Mem:138.46M (Peak 138.46M) | Time:00:00.36 | Mem:0.00M, Peak:0.00M | Scene, ViewLayer | Synchronizing object | Overlapping rolled roof tile.254
Fra:1 Mem:138.47M (Peak 138.47M) | Time:00:00.36 | Mem:0.00M, Peak:0.00M | Scene, ViewLayer | Synchronizing object | Overlapping rolled roof tile.256
Fra:1 Mem:138.47M (Peak 138.47M) | Time:00:00.36 | Mem:0.00M, Peak:0.00M | Scene, ViewLayer | Synchronizing object | Overlapping rolled roof tile.257
Fra:1 Mem:138.48M (Peak 138.48M) | Time:00:00.36 | Mem:0.00M, Peak:0.00M | Scene, ViewLayer | Synchronizing object | Overlapping rolled roof tile.258
Fra:1 Mem:138.49M (Peak 138.49M) | Time:00:00.36 | Mem:0.00M, Peak:0.00M | Scene, ViewLayer | Synchronizing object | Overlapping rolled roof tile.259
Fra:1 Mem:138.49M (Peak 138.49M) | Time:00:00.36 | Mem:0.00M, Peak:0.00M | Scene, ViewLayer | Synchronizing object | Overlapping rolled roof tile.260
Fra:1 Mem:138.49M (Peak 138.49M) | Time:00:00.36 | Mem:0.00M, Peak:0.00M | Scene, ViewLayer | Synchronizing object | Overlapping rolled roof tile.261
Fra:1 Mem:138.51M (Peak 138.51M) | Time:00:00.36 | Mem:0.00M, Peak:0.00M | Scene, ViewLayer | Synchronizing object | Overlapping rolled roof tile.262
Fra:1 Mem:138.51M (Peak 138.51M) | Time:00:00.36 | Mem:0.00M, Peak:0.00M | Scene, ViewLayer | Synchronizing object | Overlapping rolled roof tile.263
Fra:1 Mem:138.52M (Peak 138.52M) | Time:00:00.36 | Mem:0.00M, Peak:0.00M | Scene, ViewLayer | Synchronizing object | Overlapping rolled roof tile.264
Fra:1 Mem:138.52M (Peak 138.52M) | Time:00:00.36 | Mem:0.00M, Peak:0.00M | Scene, ViewLayer | Synchronizing object | Overlapping rolled roof tile.265
Fra:1 Mem:138.52M (Peak 138.52M) | Time:00:00.36 | Mem:0.00M, Peak:0.00M | Scene, ViewLayer | Synchronizing object | Overlapping rolled roof tile.266
Fra:1 Mem:138.54M (Peak 138.54M) | Time:00:00.36 | Mem:0.00M, Peak:0.00M | Scene, ViewLayer | Synchronizing object | Overlapping rolled roof tile.268
Fra:1 Mem:138.54M (Peak 138.54M) | Time:00:00.36 | Mem:0.00M, Peak:0.00M | Scene, ViewLayer | Synchronizing object | Overlapping rolled roof tile.269
Fra:1 Mem:138.54M (Peak 138.54M) | Time:00:00.37 | Mem:0.00M, Peak:0.00M | Scene, ViewLayer | Synchronizing object | Overlapping rolled roof tile.270
Fra:1 Mem:138.55M (Peak 138.55M) | Time:00:00.37 | Mem:0.00M, Peak:0.00M | Scene, ViewLayer | Synchronizing object | Overlapping rolled roof tile.271
Fra:1 Mem:138.56M (Peak 138.56M) | Time:00:00.37 | Mem:0.00M, Peak:0.00M | Scene, ViewLayer | Synchronizing object | Overlapping rolled roof tile.272
Fra:1 Mem:138.57M (Peak 138.57M) | Time:00:00.37 | Mem:0.00M, Peak:0.00M | Scene, ViewLayer | Synchronizing object | Overlapping rolled roof tile.273
Fra:1 Mem:138.58M (Peak 138.58M) | Time:00:00.37 | Mem:0.00M, Peak:0.00M | Scene, ViewLayer | Synchronizing object | Overlapping rolled roof tile.275
Fra:1 Mem:138.59M (Peak 138.59M) | Time:00:00.37 | Mem:0.00M, Peak:0.00M | Scene, ViewLayer | Synchronizing object | Overlapping rolled roof tile.276
Fra:1 Mem:138.60M (Peak 138.60M) | Time:00:00.37 | Mem:0.00M, Peak:0.00M | Scene, ViewLayer | Synchronizing object | Overlapping rolled roof tile.277
Fra:1 Mem:138.60M (Peak 138.60M) | Time:00:00.37 | Mem:0.00M, Peak:0.00M | Scene, ViewLayer | Synchronizing object | Overlapping rolled roof tile.280
Fra:1 Mem:138.61M (Peak 138.61M) | Time:00:00.37 | Mem:0.00M, Peak:0.00M | Scene, ViewLayer | Synchronizing object | Overlapping rolled roof tile.281
Fra:1 Mem:138.62M (Peak 138.62M) | Time:00:00.37 | Mem:0.00M, Peak:0.00M | Scene, ViewLayer | Synchronizing object | Overlapping rolled roof tile.282
Fra:1 Mem:138.62M (Peak 138.62M) | Time:00:00.37 | Mem:0.00M, Peak:0.00M | Scene, ViewLayer | Synchronizing object | Overlapping rolled roof tile.284
Fra:1 Mem:138.63M (Peak 138.63M) | Time:00:00.37 | Mem:0.00M, Peak:0.00M | Scene, ViewLayer | Synchronizing object | Overlapping rolled roof tile.285
Fra:1 Mem:138.64M (Peak 138.64M) | Time:00:00.37 | Mem:0.00M, Peak:0.00M | Scene, ViewLayer | Synchronizing object | Grill glaze detail.023
Fra:1 Mem:138.65M (Peak 138.65M) | Time:00:00.37 | Mem:0.00M, Peak:0.00M | Scene, ViewLayer | Synchronizing object | Overlapping rolled roof tile.287
Fra:1 Mem:138.65M (Peak 138.65M) | Time:00:00.37 | Mem:0.00M, Peak:0.00M | Scene, ViewLayer | Synchronizing object | Overlapping rolled roof tile.288
Fra:1 Mem:138.66M (Peak 138.66M) | Time:00:00.37 | Mem:0.00M, Peak:0.00M | Scene, ViewLayer | Synchronizing object | Overlapping rolled roof tile.290
Fra:1 Mem:138.66M (Peak 138.66M) | Time:00:00.37 | Mem:0.00M, Peak:0.00M | Scene, ViewLayer | Synchronizing object | Grill glaze detail.024
Fra:1 Mem:138.67M (Peak 138.67M) | Time:00:00.37 | Mem:0.00M, Peak:0.00M | Scene, ViewLayer | Synchronizing object | Overlapping rolled roof tile.292
Fra:1 Mem:138.68M (Peak 138.68M) | Time:00:00.37 | Mem:0.00M, Peak:0.00M | Scene, ViewLayer | Synchronizing object | Overlapping rolled roof tile.293
Fra:1 Mem:138.68M (Peak 138.68M) | Time:00:00.37 | Mem:0.00M, Peak:0.00M | Scene, ViewLayer | Synchronizing object | Overlapping rolled roof tile.294
Fra:1 Mem:138.69M (Peak 138.69M) | Time:00:00.37 | Mem:0.00M, Peak:0.00M | Scene, ViewLayer | Synchronizing object | Overlapping rolled roof tile.295
Fra:1 Mem:138.70M (Peak 138.70M) | Time:00:00.37 | Mem:0.00M, Peak:0.00M | Scene, ViewLayer | Synchronizing object | Overlapping rolled roof tile.296
Fra:1 Mem:138.70M (Peak 138.70M) | Time:00:00.37 | Mem:0.00M, Peak:0.00M | Scene, ViewLayer | Synchronizing object | Overlapping rolled roof tile.298
Fra:1 Mem:138.71M (Peak 138.71M) | Time:00:00.37 | Mem:0.00M, Peak:0.00M | Scene, ViewLayer | Synchronizing object | Overlapping rolled roof tile.299
Fra:1 Mem:138.72M (Peak 138.72M) | Time:00:00.37 | Mem:0.00M, Peak:0.00M | Scene, ViewLayer | Synchronizing object | Overlapping rolled roof tile.300
Fra:1 Mem:138.72M (Peak 138.72M) | Time:00:00.37 | Mem:0.00M, Peak:0.00M | Scene, ViewLayer | Synchronizing object | Overlapping rolled roof tile.301
Fra:1 Mem:138.73M (Peak 138.73M) | Time:00:00.37 | Mem:0.00M, Peak:0.00M | Scene, ViewLayer | Synchronizing object | Overlapping rolled roof tile.302
Fra:1 Mem:138.73M (Peak 138.73M) | Time:00:00.37 | Mem:0.00M, Peak:0.00M | Scene, ViewLayer | Synchronizing object | Overlapping rolled roof tile.303
Fra:1 Mem:138.74M (Peak 138.74M) | Time:00:00.37 | Mem:0.00M, Peak:0.00M | Scene, ViewLayer | Synchronizing object | Overlapping rolled roof tile.304
Fra:1 Mem:138.74M (Peak 138.74M) | Time:00:00.37 | Mem:0.00M, Peak:0.00M | Scene, ViewLayer | Synchronizing object | Overlapping rolled roof tile.305
Fra:1 Mem:138.75M (Peak 138.75M) | Time:00:00.37 | Mem:0.00M, Peak:0.00M | Scene, ViewLayer | Synchronizing object | Overlapping rolled roof tile.306
Fra:1 Mem:138.76M (Peak 138.76M) | Time:00:00.37 | Mem:0.00M, Peak:0.00M | Scene, ViewLayer | Synchronizing object | Overlapping rolled roof tile.307
Fra:1 Mem:138.77M (Peak 138.77M) | Time:00:00.37 | Mem:0.00M, Peak:0.00M | Scene, ViewLayer | Synchronizing object | Overlapping rolled roof tile.309
Fra:1 Mem:138.77M (Peak 138.77M) | Time:00:00.37 | Mem:0.00M, Peak:0.00M | Scene, ViewLayer | Synchronizing object | Overlapping rolled roof tile.310
Fra:1 Mem:138.78M (Peak 138.78M) | Time:00:00.37 | Mem:0.00M, Peak:0.00M | Scene, ViewLayer | Synchronizing object | Overlapping rolled roof tile.311
Fra:1 Mem:138.78M (Peak 138.78M) | Time:00:00.37 | Mem:0.00M, Peak:0.00M | Scene, ViewLayer | Synchronizing object | Overlapping rolled roof tile.312
Fra:1 Mem:138.79M (Peak 138.79M) | Time:00:00.37 | Mem:0.00M, Peak:0.00M | Scene, ViewLayer | Synchronizing object | Overlapping rolled roof tile.313
Fra:1 Mem:138.80M (Peak 138.80M) | Time:00:00.37 | Mem:0.00M, Peak:0.00M | Scene, ViewLayer | Synchronizing object | Overlapping rolled roof tile.314
Fra:1 Mem:138.81M (Peak 138.81M) | Time:00:00.37 | Mem:0.00M, Peak:0.00M | Scene, ViewLayer | Synchronizing object | Overlapping rolled roof tile.315
Fra:1 Mem:138.81M (Peak 138.81M) | Time:00:00.37 | Mem:0.00M, Peak:0.00M | Scene, ViewLayer | Synchronizing object | Grill glaze detail.026
Fra:1 Mem:138.82M (Peak 138.82M) | Time:00:00.37 | Mem:0.00M, Peak:0.00M | Scene, ViewLayer | Synchronizing object | Overlapping rolled roof tile.318
Fra:1 Mem:138.82M (Peak 138.82M) | Time:00:00.37 | Mem:0.00M, Peak:0.00M | Scene, ViewLayer | Synchronizing object | Overlapping rolled roof tile.319
Fra:1 Mem:138.83M (Peak 138.83M) | Time:00:00.37 | Mem:0.00M, Peak:0.00M | Scene, ViewLayer | Synchronizing object | Overlapping rolled roof tile.320
Fra:1 Mem:138.83M (Peak 138.83M) | Time:00:00.37 | Mem:0.00M, Peak:0.00M | Scene, ViewLayer | Synchronizing object | Overlapping rolled roof tile.321
Fra:1 Mem:138.84M (Peak 138.84M) | Time:00:00.37 | Mem:0.00M, Peak:0.00M | Scene, ViewLayer | Synchronizing object | Overlapping rolled roof tile.323
Fra:1 Mem:138.85M (Peak 138.85M) | Time:00:00.37 | Mem:0.00M, Peak:0.00M | Scene, ViewLayer | Synchronizing object | Overlapping rolled roof tile.324
Fra:1 Mem:138.86M (Peak 138.86M) | Time:00:00.37 | Mem:0.00M, Peak:0.00M | Scene, ViewLayer | Synchronizing object | Grill glaze detail.027
Fra:1 Mem:138.86M (Peak 138.86M) | Time:00:00.37 | Mem:0.00M, Peak:0.00M | Scene, ViewLayer | Synchronizing object | Overlapping rolled roof tile.327
Fra:1 Mem:138.88M (Peak 138.88M) | Time:00:00.37 | Mem:0.00M, Peak:0.00M | Scene, ViewLayer | Synchronizing object | Overlapping rolled roof tile.328
Fra:1 Mem:138.89M (Peak 138.89M) | Time:00:00.37 | Mem:0.00M, Peak:0.00M | Scene, ViewLayer | Synchronizing object | Overlapping rolled roof tile.331
Fra:1 Mem:138.89M (Peak 138.89M) | Time:00:00.37 | Mem:0.00M, Peak:0.00M | Scene, ViewLayer | Synchronizing object | Grill glaze detail.028
Fra:1 Mem:138.90M (Peak 138.90M) | Time:00:00.37 | Mem:0.00M, Peak:0.00M | Scene, ViewLayer | Synchronizing object | Overlapping rolled roof tile.332
Fra:1 Mem:138.90M (Peak 138.90M) | Time:00:00.37 | Mem:0.00M, Peak:0.00M | Scene, ViewLayer | Synchronizing object | Overlapping rolled roof tile.333
Fra:1 Mem:138.91M (Peak 138.91M) | Time:00:00.37 | Mem:0.00M, Peak:0.00M | Scene, ViewLayer | Synchronizing object | Overlapping rolled roof tile.334
Fra:1 Mem:138.92M (Peak 138.92M) | Time:00:00.37 | Mem:0.00M, Peak:0.00M | Scene, ViewLayer | Synchronizing object | Overlapping rolled roof tile.336
Fra:1 Mem:138.92M (Peak 138.92M) | Time:00:00.37 | Mem:0.00M, Peak:0.00M | Scene, ViewLayer | Synchronizing object | Overlapping rolled roof tile.337
Fra:1 Mem:138.93M (Peak 138.93M) | Time:00:00.37 | Mem:0.00M, Peak:0.00M | Scene, ViewLayer | Synchronizing object | Overlapping rolled roof tile.338
Fra:1 Mem:138.93M (Peak 138.93M) | Time:00:00.37 | Mem:0.00M, Peak:0.00M | Scene, ViewLayer | Synchronizing object | Overlapping rolled roof tile.339
Fra:1 Mem:138.95M (Peak 138.95M) | Time:00:00.37 | Mem:0.00M, Peak:0.00M | Scene, ViewLayer | Synchronizing object | Overlapping rolled roof tile.340
Fra:1 Mem:138.95M (Peak 138.95M) | Time:00:00.37 | Mem:0.00M, Peak:0.00M | Scene, ViewLayer | Synchronizing object | Grill glaze detail.029
Fra:1 Mem:138.96M (Peak 138.96M) | Time:00:00.37 | Mem:0.00M, Peak:0.00M | Scene, ViewLayer | Synchronizing object | Overlapping rolled roof tile.342
Fra:1 Mem:138.96M (Peak 138.96M) | Time:00:00.37 | Mem:0.00M, Peak:0.00M | Scene, ViewLayer | Synchronizing object | Overlapping rolled roof tile.344
Fra:1 Mem:138.97M (Peak 138.97M) | Time:00:00.37 | Mem:0.00M, Peak:0.00M | Scene, ViewLayer | Synchronizing object | Overlapping rolled roof tile.345
Fra:1 Mem:138.97M (Peak 138.97M) | Time:00:00.37 | Mem:0.00M, Peak:0.00M | Scene, ViewLayer | Synchronizing object | Grill glaze detail.030
Fra:1 Mem:138.98M (Peak 138.98M) | Time:00:00.37 | Mem:0.00M, Peak:0.00M | Scene, ViewLayer | Synchronizing object | Overlapping rolled roof tile.346
Fra:1 Mem:138.98M (Peak 138.98M) | Time:00:00.37 | Mem:0.00M, Peak:0.00M | Scene, ViewLayer | Synchronizing object | Overlapping rolled roof tile.348
Fra:1 Mem:139.00M (Peak 139.00M) | Time:00:00.37 | Mem:0.00M, Peak:0.00M | Scene, ViewLayer | Synchronizing object | Overlapping rolled roof tile.350
Fra:1 Mem:139.01M (Peak 139.01M) | Time:00:00.37 | Mem:0.00M, Peak:0.00M | Scene, ViewLayer | Synchronizing object | Overlapping rolled roof tile.351
Fra:1 Mem:139.01M (Peak 139.01M) | Time:00:00.37 | Mem:0.00M, Peak:0.00M | Scene, ViewLayer | Synchronizing object | Overlapping rolled roof tile.352
Fra:1 Mem:139.01M (Peak 139.01M) | Time:00:00.37 | Mem:0.00M, Peak:0.00M | Scene, ViewLayer | Synchronizing object | Overlapping rolled roof tile.353
Fra:1 Mem:139.02M (Peak 139.02M) | Time:00:00.37 | Mem:0.00M, Peak:0.00M | Scene, ViewLayer | Synchronizing object | Grill glaze detail.031
Fra:1 Mem:139.02M (Peak 139.02M) | Time:00:00.37 | Mem:0.00M, Peak:0.00M | Scene, ViewLayer | Synchronizing object | Overlapping rolled roof tile.354
Fra:1 Mem:139.03M (Peak 139.03M) | Time:00:00.37 | Mem:0.00M, Peak:0.00M | Scene, ViewLayer | Synchronizing object | Overlapping rolled roof tile.356
Fra:1 Mem:139.04M (Peak 139.04M) | Time:00:00.37 | Mem:0.00M, Peak:0.00M | Scene, ViewLayer | Synchronizing object | Overlapping rolled roof tile.357
Fra:1 Mem:139.04M (Peak 139.04M) | Time:00:00.37 | Mem:0.00M, Peak:0.00M | Scene, ViewLayer | Synchronizing object | Overlapping rolled roof tile.358
Fra:1 Mem:139.05M (Peak 139.05M) | Time:00:00.37 | Mem:0.00M, Peak:0.00M | Scene, ViewLayer | Synchronizing object | Overlapping rolled roof tile.359
Fra:1 Mem:139.07M (Peak 139.07M) | Time:00:00.37 | Mem:0.00M, Peak:0.00M | Scene, ViewLayer | Synchronizing object | Overlapping rolled roof tile.362
Fra:1 Mem:139.08M (Peak 139.08M) | Time:00:00.37 | Mem:0.00M, Peak:0.00M | Scene, ViewLayer | Synchronizing object | Overlapping rolled roof tile.364
Fra:1 Mem:139.09M (Peak 139.09M) | Time:00:00.37 | Mem:0.00M, Peak:0.00M | Scene, ViewLayer | Synchronizing object | Overlapping rolled roof tile.366
Fra:1 Mem:139.10M (Peak 139.10M) | Time:00:00.37 | Mem:0.00M, Peak:0.00M | Scene, ViewLayer | Synchronizing object | Overlapping rolled roof tile.367
Fra:1 Mem:139.10M (Peak 139.10M) | Time:00:00.37 | Mem:0.00M, Peak:0.00M | Scene, ViewLayer | Synchronizing object | Overlapping rolled roof tile.369
Fra:1 Mem:139.11M (Peak 139.11M) | Time:00:00.37 | Mem:0.00M, Peak:0.00M | Scene, ViewLayer | Synchronizing object | Overlapping rolled roof tile.370
Fra:1 Mem:139.11M (Peak 139.11M) | Time:00:00.37 | Mem:0.00M, Peak:0.00M | Scene, ViewLayer | Synchronizing object | Overlapping rolled roof tile.371
Fra:1 Mem:139.13M (Peak 139.13M) | Time:00:00.37 | Mem:0.00M, Peak:0.00M | Scene, ViewLayer | Synchronizing object | Overlapping rolled roof tile.373
Fra:1 Mem:139.14M (Peak 139.14M) | Time:00:00.37 | Mem:0.00M, Peak:0.00M | Scene, ViewLayer | Synchronizing object | Overlapping rolled roof tile.374
Fra:1 Mem:139.14M (Peak 139.14M) | Time:00:00.37 | Mem:0.00M, Peak:0.00M | Scene, ViewLayer | Synchronizing object | Overlapping rolled roof tile.376
Fra:1 Mem:139.15M (Peak 139.15M) | Time:00:00.37 | Mem:0.00M, Peak:0.00M | Scene, ViewLayer | Synchronizing object | Overlapping rolled roof tile.377
Fra:1 Mem:139.16M (Peak 139.16M) | Time:00:00.37 | Mem:0.00M, Peak:0.00M | Scene, ViewLayer | Synchronizing object | Overlapping rolled roof tile.378
Fra:1 Mem:139.16M (Peak 139.16M) | Time:00:00.37 | Mem:0.00M, Peak:0.00M | Scene, ViewLayer | Synchronizing object | Overlapping rolled roof tile.379
Fra:1 Mem:139.17M (Peak 139.17M) | Time:00:00.37 | Mem:0.00M, Peak:0.00M | Scene, ViewLayer | Synchronizing object | Overlapping rolled roof tile.380
Fra:1 Mem:139.18M (Peak 139.18M) | Time:00:00.37 | Mem:0.00M, Peak:0.00M | Scene, ViewLayer | Synchronizing object | Overlapping rolled roof tile.382
Fra:1 Mem:139.19M (Peak 139.19M) | Time:00:00.37 | Mem:0.00M, Peak:0.00M | Scene, ViewLayer | Synchronizing object | Overlapping rolled roof tile.384
Fra:1 Mem:139.19M (Peak 139.19M) | Time:00:00.37 | Mem:0.00M, Peak:0.00M | Scene, ViewLayer | Synchronizing object | Overlapping rolled roof tile.385
Fra:1 Mem:139.20M (Peak 139.20M) | Time:00:00.37 | Mem:0.00M, Peak:0.00M | Scene, ViewLayer | Synchronizing object | Overlapping rolled roof tile.386
Fra:1 Mem:139.20M (Peak 139.20M) | Time:00:00.37 | Mem:0.00M, Peak:0.00M | Scene, ViewLayer | Synchronizing object | Overlapping rolled roof tile.387
Fra:1 Mem:139.21M (Peak 139.21M) | Time:00:00.37 | Mem:0.00M, Peak:0.00M | Scene, ViewLayer | Synchronizing object | Overlapping rolled roof tile.388
Fra:1 Mem:139.22M (Peak 139.22M) | Time:00:00.37 | Mem:0.00M, Peak:0.00M | Scene, ViewLayer | Synchronizing object | Overlapping rolled roof tile.389
Fra:1 Mem:139.23M (Peak 139.23M) | Time:00:00.37 | Mem:0.00M, Peak:0.00M | Scene, ViewLayer | Synchronizing object | Overlapping rolled roof tile.390
Fra:1 Mem:139.23M (Peak 139.23M) | Time:00:00.37 | Mem:0.00M, Peak:0.00M | Scene, ViewLayer | Synchronizing object | Overlapping rolled roof tile.391
Fra:1 Mem:139.24M (Peak 139.24M) | Time:00:00.37 | Mem:0.00M, Peak:0.00M | Scene, ViewLayer | Synchronizing object | Overlapping rolled roof tile.393
Fra:1 Mem:139.24M (Peak 139.24M) | Time:00:00.37 | Mem:0.00M, Peak:0.00M | Scene, ViewLayer | Synchronizing object | Overlapping rolled roof tile.394
Fra:1 Mem:139.25M (Peak 139.25M) | Time:00:00.37 | Mem:0.00M, Peak:0.00M | Scene, ViewLayer | Synchronizing object | Overlapping rolled roof tile.395
Fra:1 Mem:139.25M (Peak 139.25M) | Time:00:00.37 | Mem:0.00M, Peak:0.00M | Scene, ViewLayer | Synchronizing object | Overlapping rolled roof tile.396
Fra:1 Mem:139.26M (Peak 139.26M) | Time:00:00.37 | Mem:0.00M, Peak:0.00M | Scene, ViewLayer | Synchronizing object | Overlapping rolled roof tile.397
Fra:1 Mem:139.27M (Peak 139.27M) | Time:00:00.37 | Mem:0.00M, Peak:0.00M | Scene, ViewLayer | Synchronizing object | Overlapping rolled roof tile.398
Fra:1 Mem:139.27M (Peak 139.27M) | Time:00:00.37 | Mem:0.00M, Peak:0.00M | Scene, ViewLayer | Synchronizing object | Overlapping rolled roof tile.399
Fra:1 Mem:139.28M (Peak 139.28M) | Time:00:00.37 | Mem:0.00M, Peak:0.00M | Scene, ViewLayer | Synchronizing object | Overlapping rolled roof tile.400
Fra:1 Mem:139.28M (Peak 139.28M) | Time:00:00.37 | Mem:0.00M, Peak:0.00M | Scene, ViewLayer | Synchronizing object | Overlapping rolled roof tile.401
Fra:1 Mem:139.29M (Peak 139.29M) | Time:00:00.37 | Mem:0.00M, Peak:0.00M | Scene, ViewLayer | Synchronizing object | Overlapping rolled roof tile.402
Fra:1 Mem:139.30M (Peak 139.30M) | Time:00:00.37 | Mem:0.00M, Peak:0.00M | Scene, ViewLayer | Synchronizing object | Overlapping rolled roof tile.403
Fra:1 Mem:139.30M (Peak 139.30M) | Time:00:00.37 | Mem:0.00M, Peak:0.00M | Scene, ViewLayer | Synchronizing object | Overlapping rolled roof tile.405
Fra:1 Mem:139.31M (Peak 139.31M) | Time:00:00.37 | Mem:0.00M, Peak:0.00M | Scene, ViewLayer | Synchronizing object | Ceramic ridge cap
Fra:1 Mem:139.32M (Peak 139.32M) | Time:00:00.37 | Mem:0.00M, Peak:0.00M | Scene, ViewLayer | Synchronizing object | Ceramic ridge cap.001
Fra:1 Mem:139.32M (Peak 139.32M) | Time:00:00.37 | Mem:0.00M, Peak:0.00M | Scene, ViewLayer | Synchronizing object | Ceramic ridge cap.003
Fra:1 Mem:139.33M (Peak 139.33M) | Time:00:00.37 | Mem:0.00M, Peak:0.00M | Scene, ViewLayer | Synchronizing object | Ceramic ridge cap.004
Fra:1 Mem:139.34M (Peak 139.34M) | Time:00:00.37 | Mem:0.00M, Peak:0.00M | Scene, ViewLayer | Synchronizing object | Grill glaze detail.034
Fra:1 Mem:139.34M (Peak 139.34M) | Time:00:00.37 | Mem:0.00M, Peak:0.00M | Scene, ViewLayer | Synchronizing object | Ceramic ridge cap.006
Fra:1 Mem:139.35M (Peak 139.35M) | Time:00:00.37 | Mem:0.00M, Peak:0.00M | Scene, ViewLayer | Synchronizing object | Ceramic ridge cap.007
Fra:1 Mem:139.35M (Peak 139.35M) | Time:00:00.37 | Mem:0.00M, Peak:0.00M | Scene, ViewLayer | Synchronizing object | Ceramic ridge cap.008
Fra:1 Mem:139.35M (Peak 139.35M) | Time:00:00.37 | Mem:0.00M, Peak:0.00M | Scene, ViewLayer | Synchronizing object | Ceramic ridge cap.010
Fra:1 Mem:139.36M (Peak 139.36M) | Time:00:00.37 | Mem:0.00M, Peak:0.00M | Scene, ViewLayer | Synchronizing object | Ceramic ridge cap.011
Fra:1 Mem:139.36M (Peak 139.36M) | Time:00:00.37 | Mem:0.00M, Peak:0.00M | Scene, ViewLayer | Synchronizing object | Ceramic ridge cap.012
Fra:1 Mem:139.37M (Peak 139.37M) | Time:00:00.37 | Mem:0.00M, Peak:0.00M | Scene, ViewLayer | Synchronizing object | Ceramic ridge cap.013
Fra:1 Mem:139.37M (Peak 139.37M) | Time:00:00.37 | Mem:0.00M, Peak:0.00M | Scene, ViewLayer | Synchronizing object | Ceramic ridge cap.015
Fra:1 Mem:139.38M (Peak 139.38M) | Time:00:00.37 | Mem:0.00M, Peak:0.00M | Scene, ViewLayer | Synchronizing object | Ceramic ridge cap.016
Fra:1 Mem:139.39M (Peak 139.39M) | Time:00:00.37 | Mem:0.00M, Peak:0.00M | Scene, ViewLayer | Synchronizing object | Ceramic ridge cap.018
Fra:1 Mem:139.39M (Peak 139.39M) | Time:00:00.37 | Mem:0.00M, Peak:0.00M | Scene, ViewLayer | Synchronizing object | Ceramic ridge cap.020
Fra:1 Mem:139.40M (Peak 139.40M) | Time:00:00.37 | Mem:0.00M, Peak:0.00M | Scene, ViewLayer | Synchronizing object | Ceramic ridge cap.023
Fra:1 Mem:139.40M (Peak 139.40M) | Time:00:00.37 | Mem:0.00M, Peak:0.00M | Scene, ViewLayer | Synchronizing object | Ceramic ridge cap.024
Fra:1 Mem:139.41M (Peak 139.41M) | Time:00:00.37 | Mem:0.00M, Peak:0.00M | Scene, ViewLayer | Synchronizing object | Stacked ceramic bowl.001
Fra:1 Mem:139.43M (Peak 139.43M) | Time:00:00.37 | Mem:0.00M, Peak:0.00M | Scene, ViewLayer | Synchronizing object | Stacked ceramic bowl.002
Fra:1 Mem:139.44M (Peak 139.44M) | Time:00:00.37 | Mem:0.00M, Peak:0.00M | Scene, ViewLayer | Synchronizing object | Stacked ceramic bowl.003
Fra:1 Mem:139.44M (Peak 139.44M) | Time:00:00.37 | Mem:0.00M, Peak:0.00M | Scene, ViewLayer | Synchronizing object | Stacked ceramic bowl.004
Fra:1 Mem:139.46M (Peak 139.46M) | Time:00:00.37 | Mem:0.00M, Peak:0.00M | Scene, ViewLayer | Synchronizing object | Stacked ceramic bowl.005
Fra:1 Mem:139.49M (Peak 139.49M) | Time:00:00.37 | Mem:0.00M, Peak:0.00M | Scene, ViewLayer | Synchronizing object | Stacked ceramic bowl.007
Fra:1 Mem:139.49M (Peak 139.49M) | Time:00:00.37 | Mem:0.00M, Peak:0.00M | Scene, ViewLayer | Synchronizing object | Stacked ceramic bowl.008
Fra:1 Mem:139.52M (Peak 139.52M) | Time:00:00.37 | Mem:0.00M, Peak:0.00M | Scene, ViewLayer | Synchronizing object | Stacked ceramic bowl.009
Fra:1 Mem:139.52M (Peak 139.52M) | Time:00:00.37 | Mem:0.00M, Peak:0.00M | Scene, ViewLayer | Synchronizing object | Stacked ceramic bowl.011
Fra:1 Mem:139.54M (Peak 139.54M) | Time:00:00.37 | Mem:0.00M, Peak:0.00M | Scene, ViewLayer | Synchronizing object | Stacked ceramic bowl.012
Fra:1 Mem:139.54M (Peak 139.54M) | Time:00:00.37 | Mem:0.00M, Peak:0.00M | Scene, ViewLayer | Synchronizing object | Grill glaze detail.037
Fra:1 Mem:139.57M (Peak 139.57M) | Time:00:00.37 | Mem:0.00M, Peak:0.00M | Scene, ViewLayer | Synchronizing object | Stacked ceramic bowl.013
Fra:1 Mem:139.57M (Peak 139.57M) | Time:00:00.37 | Mem:0.00M, Peak:0.00M | Scene, ViewLayer | Synchronizing object | Stacked ceramic bowl.015
Fra:1 Mem:139.60M (Peak 139.60M) | Time:00:00.37 | Mem:0.00M, Peak:0.00M | Scene, ViewLayer | Synchronizing object | Stacked ceramic bowl.016
Fra:1 Mem:139.64M (Peak 139.64M) | Time:00:00.37 | Mem:0.00M, Peak:0.00M | Scene, ViewLayer | Synchronizing object | Stacked ceramic bowl.018
Fra:1 Mem:139.65M (Peak 139.65M) | Time:00:00.37 | Mem:0.00M, Peak:0.00M | Scene, ViewLayer | Synchronizing object | Stacked ceramic bowl.019
Fra:1 Mem:139.67M (Peak 139.67M) | Time:00:00.37 | Mem:0.00M, Peak:0.00M | Scene, ViewLayer | Synchronizing object | Grill glaze detail.038
Fra:1 Mem:139.69M (Peak 139.69M) | Time:00:00.37 | Mem:0.00M, Peak:0.00M | Scene, ViewLayer | Synchronizing object | Stacked ceramic bowl.020
Fra:1 Mem:139.72M (Peak 139.72M) | Time:00:00.37 | Mem:0.00M, Peak:0.00M | Scene, ViewLayer | Synchronizing object | Stacked ceramic bowl.023
Fra:1 Mem:139.72M (Peak 139.72M) | Time:00:00.37 | Mem:0.00M, Peak:0.00M | Scene, ViewLayer | Synchronizing object | Stacked ceramic bowl.024
Fra:1 Mem:139.75M (Peak 139.75M) | Time:00:00.37 | Mem:0.00M, Peak:0.00M | Scene, ViewLayer | Synchronizing object | Stacked ceramic bowl.025
Fra:1 Mem:139.76M (Peak 139.76M) | Time:00:00.37 | Mem:0.00M, Peak:0.00M | Scene, ViewLayer | Synchronizing object | Stacked ceramic bowl.026
Fra:1 Mem:139.80M (Peak 139.80M) | Time:00:00.37 | Mem:0.00M, Peak:0.00M | Scene, ViewLayer | Synchronizing object | Wash basin
Fra:1 Mem:139.81M (Peak 139.81M) | Time:00:00.37 | Mem:0.00M, Peak:0.00M | Scene, ViewLayer | Synchronizing object | Rice kettle
Fra:1 Mem:139.83M (Peak 139.83M) | Time:00:00.37 | Mem:0.00M, Peak:0.00M | Scene, ViewLayer | Synchronizing object | Kettle lid handle
Fra:1 Mem:139.87M (Peak 139.87M) | Time:00:00.37 | Mem:0.00M, Peak:0.00M | Scene, ViewLayer | Synchronizing object | Daily board
Fra:1 Mem:139.88M (Peak 139.88M) | Time:00:00.37 | Mem:0.00M, Peak:0.00M | Scene, ViewLayer | Synchronizing object | Pendant shade
Fra:1 Mem:139.89M (Peak 139.89M) | Time:00:00.37 | Mem:0.00M, Peak:0.00M | Scene, ViewLayer | Synchronizing object | Pendant shade.001
Fra:1 Mem:139.93M (Peak 139.93M) | Time:00:00.37 | Mem:0.00M, Peak:0.00M | Scene, ViewLayer | Synchronizing object | Pendant shade.002
Fra:1 Mem:140.10M (Peak 140.10M) | Time:00:00.37 | Mem:0.00M, Peak:0.00M | Scene, ViewLayer | Synchronizing object | Grill glaze detail.040
Fra:1 Mem:140.12M (Peak 140.12M) | Time:00:00.37 | Mem:0.00M, Peak:0.00M | Scene, ViewLayer | Synchronizing object | Grill glaze detail.041
Fra:1 Mem:140.14M (Peak 140.14M) | Time:00:00.37 | Mem:0.00M, Peak:0.00M | Scene, ViewLayer | Synchronizing object | Grill glaze detail.042
Fra:1 Mem:140.15M (Peak 140.15M) | Time:00:00.37 | Mem:0.00M, Peak:0.00M | Scene, ViewLayer | Synchronizing object | Grill glaze detail.043
Fra:1 Mem:140.15M (Peak 140.15M) | Time:00:00.37 | Mem:0.00M, Peak:0.00M | Scene, ViewLayer | Synchronizing object | Grill glaze detail.044
Fra:1 Mem:140.15M (Peak 140.15M) | Time:00:00.37 | Mem:0.00M, Peak:0.00M | Scene, ViewLayer | Synchronizing object | Price card
Fra:1 Mem:140.15M (Peak 140.15M) | Time:00:00.37 | Mem:0.00M, Peak:0.00M | Scene, ViewLayer | Synchronizing object | Price card.001
Fra:1 Mem:140.15M (Peak 140.15M) | Time:00:00.37 | Mem:0.00M, Peak:0.00M | Scene, ViewLayer | Synchronizing object | Exterior menu
Fra:1 Mem:140.15M (Peak 140.15M) | Time:00:00.37 | Mem:0.00M, Peak:0.00M | Scene, ViewLayer | Synchronizing object | Open plaque
Fra:1 Mem:140.15M (Peak 140.15M) | Time:00:00.37 | Mem:0.00M, Peak:0.00M | Scene, ViewLayer | Synchronizing object | Terracotta planter
Fra:1 Mem:140.16M (Peak 140.16M) | Time:00:00.37 | Mem:0.00M, Peak:0.00M | Scene, ViewLayer | Synchronizing object | Visible soil
Fra:1 Mem:140.19M (Peak 140.19M) | Time:00:00.37 | Mem:0.00M, Peak:0.00M | Scene, ViewLayer | Synchronizing object | Plant stem
Fra:1 Mem:140.21M (Peak 140.21M) | Time:00:00.37 | Mem:0.00M, Peak:0.00M | Scene, ViewLayer | Synchronizing object | Curled lanceolate leaf
Fra:1 Mem:140.21M (Peak 140.21M) | Time:00:00.37 | Mem:0.00M, Peak:0.00M | Scene, ViewLayer | Synchronizing object | Plant stem.001
Fra:1 Mem:140.21M (Peak 140.21M) | Time:00:00.37 | Mem:0.00M, Peak:0.00M | Scene, ViewLayer | Synchronizing object | Curled lanceolate leaf.001
Fra:1 Mem:140.22M (Peak 140.22M) | Time:00:00.37 | Mem:0.00M, Peak:0.00M | Scene, ViewLayer | Synchronizing object | Plant stem.002
Fra:1 Mem:140.22M (Peak 140.22M) | Time:00:00.37 | Mem:0.00M, Peak:0.00M | Scene, ViewLayer | Synchronizing object | Curled lanceolate leaf.002
Fra:1 Mem:140.22M (Peak 140.22M) | Time:00:00.37 | Mem:0.00M, Peak:0.00M | Scene, ViewLayer | Synchronizing object | Plant stem.003
Fra:1 Mem:140.23M (Peak 140.23M) | Time:00:00.37 | Mem:0.00M, Peak:0.00M | Scene, ViewLayer | Synchronizing object | Curled lanceolate leaf.003
Fra:1 Mem:140.23M (Peak 140.23M) | Time:00:00.37 | Mem:0.00M, Peak:0.00M | Scene, ViewLayer | Synchronizing object | Plant stem.004
Fra:1 Mem:140.24M (Peak 140.24M) | Time:00:00.37 | Mem:0.00M, Peak:0.00M | Scene, ViewLayer | Synchronizing object | Curled lanceolate leaf.004
Fra:1 Mem:140.24M (Peak 140.24M) | Time:00:00.37 | Mem:0.00M, Peak:0.00M | Scene, ViewLayer | Synchronizing object | Plant stem.005
Fra:1 Mem:140.25M (Peak 140.25M) | Time:00:00.37 | Mem:0.00M, Peak:0.00M | Scene, ViewLayer | Synchronizing object | Curled lanceolate leaf.005
Fra:1 Mem:140.25M (Peak 140.25M) | Time:00:00.37 | Mem:0.00M, Peak:0.00M | Scene, ViewLayer | Synchronizing object | Plant stem.006
Fra:1 Mem:140.25M (Peak 140.25M) | Time:00:00.37 | Mem:0.00M, Peak:0.00M | Scene, ViewLayer | Synchronizing object | Curled lanceolate leaf.006
Fra:1 Mem:140.25M (Peak 140.25M) | Time:00:00.37 | Mem:0.00M, Peak:0.00M | Scene, ViewLayer | Synchronizing object | Plant stem.007
Fra:1 Mem:140.26M (Peak 140.26M) | Time:00:00.37 | Mem:0.00M, Peak:0.00M | Scene, ViewLayer | Synchronizing object | Curled lanceolate leaf.007
Fra:1 Mem:140.26M (Peak 140.26M) | Time:00:00.37 | Mem:0.00M, Peak:0.00M | Scene, ViewLayer | Synchronizing object | Plant stem.008
Fra:1 Mem:140.27M (Peak 140.27M) | Time:00:00.37 | Mem:0.00M, Peak:0.00M | Scene, ViewLayer | Synchronizing object | Curled lanceolate leaf.008
Fra:1 Mem:140.27M (Peak 140.27M) | Time:00:00.37 | Mem:0.00M, Peak:0.00M | Scene, ViewLayer | Synchronizing object | Plant stem.009
Fra:1 Mem:140.28M (Peak 140.28M) | Time:00:00.37 | Mem:0.00M, Peak:0.00M | Scene, ViewLayer | Synchronizing object | Curled lanceolate leaf.009
Fra:1 Mem:140.28M (Peak 140.28M) | Time:00:00.37 | Mem:0.00M, Peak:0.00M | Scene, ViewLayer | Synchronizing object | Plant stem.010
Fra:1 Mem:140.29M (Peak 140.29M) | Time:00:00.37 | Mem:0.00M, Peak:0.00M | Scene, ViewLayer | Synchronizing object | Curled lanceolate leaf.010
Fra:1 Mem:140.29M (Peak 140.29M) | Time:00:00.37 | Mem:0.00M, Peak:0.00M | Scene, ViewLayer | Synchronizing object | Plant stem.011
Fra:1 Mem:140.29M (Peak 140.29M) | Time:00:00.37 | Mem:0.00M, Peak:0.00M | Scene, ViewLayer | Synchronizing object | Curled lanceolate leaf.011
Fra:1 Mem:140.29M (Peak 140.29M) | Time:00:00.37 | Mem:0.00M, Peak:0.00M | Scene, ViewLayer | Synchronizing object | Plant stem.012
Fra:1 Mem:140.30M (Peak 140.30M) | Time:00:00.37 | Mem:0.00M, Peak:0.00M | Scene, ViewLayer | Synchronizing object | Curled lanceolate leaf.012
Fra:1 Mem:140.30M (Peak 140.30M) | Time:00:00.37 | Mem:0.00M, Peak:0.00M | Scene, ViewLayer | Synchronizing object | Terracotta planter.001
Fra:1 Mem:140.31M (Peak 140.31M) | Time:00:00.37 | Mem:0.00M, Peak:0.00M | Scene, ViewLayer | Synchronizing object | Plant stem.013
Fra:1 Mem:140.35M (Peak 140.35M) | Time:00:00.37 | Mem:0.00M, Peak:0.00M | Scene, ViewLayer | Synchronizing object | Curled lanceolate leaf.013
Fra:1 Mem:140.36M (Peak 140.36M) | Time:00:00.37 | Mem:0.00M, Peak:0.00M | Scene, ViewLayer | Synchronizing object | Plant stem.014
Fra:1 Mem:140.37M (Peak 140.37M) | Time:00:00.37 | Mem:0.00M, Peak:0.00M | Scene, ViewLayer | Synchronizing object | Curled lanceolate leaf.014
Fra:1 Mem:140.37M (Peak 140.37M) | Time:00:00.37 | Mem:0.00M, Peak:0.00M | Scene, ViewLayer | Synchronizing object | Plant stem.015
Fra:1 Mem:140.38M (Peak 140.38M) | Time:00:00.37 | Mem:0.00M, Peak:0.00M | Scene, ViewLayer | Synchronizing object | Curled lanceolate leaf.015
Fra:1 Mem:140.38M (Peak 140.38M) | Time:00:00.37 | Mem:0.00M, Peak:0.00M | Scene, ViewLayer | Synchronizing object | Plant stem.016
Fra:1 Mem:140.39M (Peak 140.39M) | Time:00:00.37 | Mem:0.00M, Peak:0.00M | Scene, ViewLayer | Synchronizing object | Curled lanceolate leaf.016
Fra:1 Mem:140.39M (Peak 140.39M) | Time:00:00.37 | Mem:0.00M, Peak:0.00M | Scene, ViewLayer | Synchronizing object | Plant stem.017
Fra:1 Mem:140.39M (Peak 140.39M) | Time:00:00.37 | Mem:0.00M, Peak:0.00M | Scene, ViewLayer | Synchronizing object | Curled lanceolate leaf.017
Fra:1 Mem:140.39M (Peak 140.39M) | Time:00:00.37 | Mem:0.00M, Peak:0.00M | Scene, ViewLayer | Synchronizing object | Plant stem.018
Fra:1 Mem:140.40M (Peak 140.40M) | Time:00:00.37 | Mem:0.00M, Peak:0.00M | Scene, ViewLayer | Synchronizing object | Curled lanceolate leaf.018
Fra:1 Mem:140.40M (Peak 140.40M) | Time:00:00.37 | Mem:0.00M, Peak:0.00M | Scene, ViewLayer | Synchronizing object | Plant stem.019
Fra:1 Mem:140.41M (Peak 140.41M) | Time:00:00.37 | Mem:0.00M, Peak:0.00M | Scene, ViewLayer | Synchronizing object | Curled lanceolate leaf.019
Fra:1 Mem:140.41M (Peak 140.41M) | Time:00:00.37 | Mem:0.00M, Peak:0.00M | Scene, ViewLayer | Synchronizing object | Plant stem.020
Fra:1 Mem:140.42M (Peak 140.42M) | Time:00:00.38 | Mem:0.00M, Peak:0.00M | Scene, ViewLayer | Synchronizing object | Curled lanceolate leaf.020
Fra:1 Mem:140.42M (Peak 140.42M) | Time:00:00.38 | Mem:0.00M, Peak:0.00M | Scene, ViewLayer | Synchronizing object | Plant stem.021
Fra:1 Mem:140.42M (Peak 140.42M) | Time:00:00.38 | Mem:0.00M, Peak:0.00M | Scene, ViewLayer | Synchronizing object | Curled lanceolate leaf.021
Fra:1 Mem:140.43M (Peak 140.43M) | Time:00:00.38 | Mem:0.00M, Peak:0.00M | Scene, ViewLayer | Synchronizing object | Plant stem.022
Fra:1 Mem:140.43M (Peak 140.43M) | Time:00:00.38 | Mem:0.00M, Peak:0.00M | Scene, ViewLayer | Synchronizing object | Curled lanceolate leaf.022
Fra:1 Mem:140.43M (Peak 140.43M) | Time:00:00.38 | Mem:0.00M, Peak:0.00M | Scene, ViewLayer | Synchronizing object | Plant stem.023
Fra:1 Mem:140.44M (Peak 140.44M) | Time:00:00.38 | Mem:0.00M, Peak:0.00M | Scene, ViewLayer | Synchronizing object | Curled lanceolate leaf.023
Fra:1 Mem:140.44M (Peak 140.44M) | Time:00:00.38 | Mem:0.00M, Peak:0.00M | Scene, ViewLayer | Synchronizing object | Plant stem.024
Fra:1 Mem:140.45M (Peak 140.45M) | Time:00:00.38 | Mem:0.00M, Peak:0.00M | Scene, ViewLayer | Synchronizing object | Curled lanceolate leaf.024
Fra:1 Mem:140.45M (Peak 140.45M) | Time:00:00.38 | Mem:0.00M, Peak:0.00M | Scene, ViewLayer | Synchronizing object | Plant stem.025
Fra:1 Mem:140.46M (Peak 140.46M) | Time:00:00.38 | Mem:0.00M, Peak:0.00M | Scene, ViewLayer | Synchronizing object | Curled lanceolate leaf.025
Fra:1 Mem:140.46M (Peak 140.46M) | Time:00:00.38 | Mem:0.00M, Peak:0.00M | Scene, ViewLayer | Synchronizing object | Terracotta planter.002
Fra:1 Mem:140.47M (Peak 140.47M) | Time:00:00.38 | Mem:0.00M, Peak:0.00M | Scene, ViewLayer | Synchronizing object | Plant stem.026
Fra:1 Mem:140.52M (Peak 140.52M) | Time:00:00.38 | Mem:0.00M, Peak:0.00M | Scene, ViewLayer | Synchronizing object | Curled lanceolate leaf.026
Fra:1 Mem:140.52M (Peak 140.52M) | Time:00:00.38 | Mem:0.00M, Peak:0.00M | Scene, ViewLayer | Synchronizing object | Plant stem.027
Fra:1 Mem:140.52M (Peak 140.52M) | Time:00:00.38 | Mem:0.00M, Peak:0.00M | Scene, ViewLayer | Synchronizing object | Curled lanceolate leaf.027
Fra:1 Mem:140.52M (Peak 140.52M) | Time:00:00.38 | Mem:0.00M, Peak:0.00M | Scene, ViewLayer | Synchronizing object | Plant stem.028
Fra:1 Mem:140.53M (Peak 140.53M) | Time:00:00.38 | Mem:0.00M, Peak:0.00M | Scene, ViewLayer | Synchronizing object | Curled lanceolate leaf.028
Fra:1 Mem:140.53M (Peak 140.53M) | Time:00:00.38 | Mem:0.00M, Peak:0.00M | Scene, ViewLayer | Synchronizing object | Plant stem.029
Fra:1 Mem:140.54M (Peak 140.54M) | Time:00:00.38 | Mem:0.00M, Peak:0.00M | Scene, ViewLayer | Synchronizing object | Curled lanceolate leaf.029
Fra:1 Mem:140.54M (Peak 140.54M) | Time:00:00.38 | Mem:0.00M, Peak:0.00M | Scene, ViewLayer | Synchronizing object | Plant stem.030
Fra:1 Mem:140.55M (Peak 140.55M) | Time:00:00.38 | Mem:0.00M, Peak:0.00M | Scene, ViewLayer | Synchronizing object | Curled lanceolate leaf.030
Fra:1 Mem:140.55M (Peak 140.55M) | Time:00:00.38 | Mem:0.00M, Peak:0.00M | Scene, ViewLayer | Synchronizing object | Plant stem.031
Fra:1 Mem:140.56M (Peak 140.56M) | Time:00:00.38 | Mem:0.00M, Peak:0.00M | Scene, ViewLayer | Synchronizing object | Curled lanceolate leaf.031
Fra:1 Mem:140.56M (Peak 140.56M) | Time:00:00.38 | Mem:0.00M, Peak:0.00M | Scene, ViewLayer | Synchronizing object | Plant stem.032
Fra:1 Mem:140.56M (Peak 140.56M) | Time:00:00.38 | Mem:0.00M, Peak:0.00M | Scene, ViewLayer | Synchronizing object | Curled lanceolate leaf.032
Fra:1 Mem:140.56M (Peak 140.56M) | Time:00:00.38 | Mem:0.00M, Peak:0.00M | Scene, ViewLayer | Synchronizing object | Plant stem.033
Fra:1 Mem:140.57M (Peak 140.57M) | Time:00:00.38 | Mem:0.00M, Peak:0.00M | Scene, ViewLayer | Synchronizing object | Curled lanceolate leaf.033
Fra:1 Mem:140.57M (Peak 140.57M) | Time:00:00.38 | Mem:0.00M, Peak:0.00M | Scene, ViewLayer | Synchronizing object | Plant stem.034
Fra:1 Mem:140.58M (Peak 140.58M) | Time:00:00.38 | Mem:0.00M, Peak:0.00M | Scene, ViewLayer | Synchronizing object | Curled lanceolate leaf.034
Fra:1 Mem:140.58M (Peak 140.58M) | Time:00:00.38 | Mem:0.00M, Peak:0.00M | Scene, ViewLayer | Synchronizing object | Plant stem.035
Fra:1 Mem:140.59M (Peak 140.59M) | Time:00:00.38 | Mem:0.00M, Peak:0.00M | Scene, ViewLayer | Synchronizing object | Curled lanceolate leaf.035
Fra:1 Mem:140.59M (Peak 140.59M) | Time:00:00.38 | Mem:0.00M, Peak:0.00M | Scene, ViewLayer | Synchronizing object | Plant stem.036
Fra:1 Mem:140.60M (Peak 140.60M) | Time:00:00.38 | Mem:0.00M, Peak:0.00M | Scene, ViewLayer | Synchronizing object | Curled lanceolate leaf.036
Fra:1 Mem:140.60M (Peak 140.60M) | Time:00:00.38 | Mem:0.00M, Peak:0.00M | Scene, ViewLayer | Synchronizing object | Plant stem.037
Fra:1 Mem:140.60M (Peak 140.60M) | Time:00:00.38 | Mem:0.00M, Peak:0.00M | Scene, ViewLayer | Synchronizing object | Curled lanceolate leaf.037
Fra:1 Mem:140.60M (Peak 140.60M) | Time:00:00.38 | Mem:0.00M, Peak:0.00M | Scene, ViewLayer | Synchronizing object | Plant stem.038
Fra:1 Mem:140.61M (Peak 140.61M) | Time:00:00.38 | Mem:0.00M, Peak:0.00M | Scene, ViewLayer | Synchronizing object | Curled lanceolate leaf.038
Fra:1 Mem:140.61M (Peak 140.61M) | Time:00:00.38 | Mem:0.00M, Peak:0.00M | Scene, ViewLayer | Synchronizing object | Closed plaster gable
Fra:1 Mem:140.62M (Peak 140.62M) | Time:00:00.38 | Mem:0.00M, Peak:0.00M | Scene, ViewLayer | Synchronizing object | Closed plaster gable.001
Fra:1 Mem:140.62M (Peak 140.62M) | Time:00:00.38 | Mem:0.00M, Peak:0.00M | Scene, ViewLayer | Initializing
Fra:1 Mem:87.21M (Peak 140.62M) | Time:00:00.46 | Mem:0.00M, Peak:0.00M | Scene, ViewLayer | Waiting for render to start
Fra:1 Mem:87.21M (Peak 140.62M) | Time:00:00.46 | Mem:0.00M, Peak:0.00M | Scene, ViewLayer | Updating Scene
Fra:1 Mem:87.21M (Peak 140.62M) | Time:00:00.46 | Mem:0.00M, Peak:0.00M | Scene, ViewLayer | Updating Shaders
Fra:1 Mem:87.21M (Peak 140.62M) | Time:00:00.46 | Mem:0.00M, Peak:0.00M | Scene, ViewLayer | Loading render kernels (may take a few minutes the first time)
Fra:1 Mem:87.30M (Peak 140.62M) | Time:00:00.50 | Mem:0.01M, Peak:0.01M | Scene, ViewLayer | Updating Procedurals
Fra:1 Mem:87.30M (Peak 140.62M) | Time:00:00.50 | Mem:0.01M, Peak:0.01M | Scene, ViewLayer | Updating Background
Fra:1 Mem:87.30M (Peak 140.62M) | Time:00:00.50 | Mem:0.01M, Peak:0.01M | Scene, ViewLayer | Updating Camera
Fra:1 Mem:87.30M (Peak 140.62M) | Time:00:00.50 | Mem:0.01M, Peak:0.01M | Scene, ViewLayer | Updating Meshes Flags
Fra:1 Mem:87.30M (Peak 140.62M) | Time:00:00.50 | Mem:0.01M, Peak:0.01M | Scene, ViewLayer | Updating Objects
Fra:1 Mem:87.30M (Peak 140.62M) | Time:00:00.50 | Mem:0.01M, Peak:0.01M | Scene, ViewLayer | Updating Objects | Copying Transformations to device
Fra:1 Mem:87.63M (Peak 140.62M) | Time:00:00.50 | Mem:0.33M, Peak:0.33M | Scene, ViewLayer | Updating Particle Systems
Fra:1 Mem:87.63M (Peak 140.62M) | Time:00:00.50 | Mem:0.33M, Peak:0.33M | Scene, ViewLayer | Updating Particle Systems | Copying Particles to device
Fra:1 Mem:87.63M (Peak 140.62M) | Time:00:00.50 | Mem:0.33M, Peak:0.33M | Scene, ViewLayer | Updating Meshes
Fra:1 Mem:90.72M (Peak 140.62M) | Time:00:00.54 | Mem:0.33M, Peak:0.33M | Scene, ViewLayer | Updating Objects | Applying Static Transformations
Fra:1 Mem:90.72M (Peak 140.62M) | Time:00:00.55 | Mem:0.33M, Peak:0.33M | Scene, ViewLayer | Updating Mesh | Computing attributes
Fra:1 Mem:96.49M (Peak 140.62M) | Time:00:00.55 | Mem:0.48M, Peak:0.48M | Scene, ViewLayer | Updating Mesh | Copying Attributes to device
Fra:1 Mem:96.26M (Peak 140.62M) | Time:00:00.56 | Mem:5.87M, Peak:5.87M | Scene, ViewLayer | Updating Scene BVH | Building
Fra:1 Mem:96.28M (Peak 140.62M) | Time:00:00.56 | Mem:5.87M, Peak:5.87M | Scene, ViewLayer | Updating Scene BVH | Building BVH
Fra:1 Mem:96.28M (Peak 140.62M) | Time:00:00.56 | Mem:9.87M, Peak:9.87M | Scene, ViewLayer | Updating Scene BVH | Building BVH 0%
Fra:1 Mem:96.28M (Peak 140.62M) | Time:00:00.58 | Mem:14.21M, Peak:18.21M | Scene, ViewLayer | Updating Scene BVH | Copying BVH to device
Fra:1 Mem:96.28M (Peak 140.62M) | Time:00:00.58 | Mem:14.21M, Peak:18.21M | Scene, ViewLayer | Updating Mesh | Computing normals
Fra:1 Mem:101.66M (Peak 140.62M) | Time:00:00.58 | Mem:14.21M, Peak:18.21M | Scene, ViewLayer | Updating Mesh | Copying Mesh to device
Fra:1 Mem:101.66M (Peak 140.62M) | Time:00:00.59 | Mem:19.59M, Peak:19.59M | Scene, ViewLayer | Updating Objects Flags
Fra:1 Mem:101.66M (Peak 140.62M) | Time:00:00.59 | Mem:19.60M, Peak:19.60M | Scene, ViewLayer | Updating Primitive Offsets
Fra:1 Mem:101.67M (Peak 140.62M) | Time:00:00.59 | Mem:19.61M, Peak:19.61M | Scene, ViewLayer | Updating Images
Fra:1 Mem:101.67M (Peak 140.62M) | Time:00:00.59 | Mem:19.61M, Peak:19.61M | Scene, ViewLayer | Updating Images | Loading roof_normal.png
Fra:1 Mem:101.67M (Peak 140.62M) | Time:00:00.59 | Mem:19.61M, Peak:19.61M | Scene, ViewLayer | Updating Images | Loading plaster_basecolor.png
Fra:1 Mem:109.67M (Peak 140.62M) | Time:00:00.59 | Mem:19.61M, Peak:19.61M | Scene, ViewLayer | Updating Images | Loading cedar_orm.png
Fra:1 Mem:145.68M (Peak 145.68M) | Time:00:00.61 | Mem:23.61M, Peak:23.61M | Scene, ViewLayer | Updating Images | Loading plaster_orm.png
Fra:1 Mem:149.68M (Peak 149.68M) | Time:00:00.62 | Mem:27.61M, Peak:27.61M | Scene, ViewLayer | Updating Images | Loading roof_orm.png
Fra:1 Mem:149.68M (Peak 149.68M) | Time:00:00.62 | Mem:31.61M, Peak:31.61M | Scene, ViewLayer | Updating Images | Loading cloth_normal.png
Fra:1 Mem:157.68M (Peak 157.68M) | Time:00:00.62 | Mem:35.61M, Peak:35.61M | Scene, ViewLayer | Updating Images | Loading cedar_normal.png
Fra:1 Mem:161.68M (Peak 161.68M) | Time:00:00.63 | Mem:39.61M, Peak:39.61M | Scene, ViewLayer | Updating Images | Loading plaster_normal.png
Fra:1 Mem:165.68M (Peak 165.68M) | Time:00:00.67 | Mem:83.61M, Peak:83.61M | Scene, ViewLayer | Updating Camera Volume
Fra:1 Mem:165.68M (Peak 165.68M) | Time:00:00.67 | Mem:83.61M, Peak:83.61M | Scene, ViewLayer | Updating Lookup Tables
Fra:1 Mem:165.68M (Peak 165.68M) | Time:00:00.67 | Mem:83.69M, Peak:83.69M | Scene, ViewLayer | Updating Lights
Fra:1 Mem:165.68M (Peak 165.68M) | Time:00:00.67 | Mem:83.69M, Peak:83.69M | Scene, ViewLayer | Updating Lights | Computing tree
Fra:1 Mem:165.69M (Peak 165.69M) | Time:00:00.67 | Mem:83.70M, Peak:83.70M | Scene, ViewLayer | Updating Integrator
Fra:1 Mem:165.69M (Peak 165.69M) | Time:00:00.67 | Mem:83.70M, Peak:83.70M | Scene, ViewLayer | Updating Film
Fra:1 Mem:165.69M (Peak 165.69M) | Time:00:00.67 | Mem:83.62M, Peak:83.70M | Scene, ViewLayer | Updating Lookup Tables
Fra:1 Mem:165.69M (Peak 165.69M) | Time:00:00.67 | Mem:83.70M, Peak:83.70M | Scene, ViewLayer | Updating Baking
Fra:1 Mem:165.69M (Peak 165.69M) | Time:00:00.67 | Mem:83.70M, Peak:83.70M | Scene, ViewLayer | Updating Device | Writing constant memory
Fra:1 Mem:165.72M (Peak 165.72M) | Time:00:00.67 | Mem:83.70M, Peak:83.70M | Scene, ViewLayer | Loading denoising kernels (may take a few minutes the first time)
Fra:1 Mem:165.72M (Peak 165.72M) | Time:00:00.67 | Mem:83.70M, Peak:83.70M | Scene, ViewLayer | Sample 0/16
Fra:1 Mem:222.80M (Peak 222.80M) | Time:00:01.42 | Remaining:00:11.27 | Mem:140.72M, Peak:140.72M | Scene, ViewLayer | Sample 1/16
Fra:1 Mem:246.80M (Peak 282.80M) | Time:00:19.08 | Mem:140.72M, Peak:140.72M | Scene, ViewLayer | Sample 16/16
Fra:1 Mem:246.80M (Peak 282.80M) | Time:00:19.08 | Mem:140.72M, Peak:140.72M | Scene, ViewLayer | Finished
Saved: '/Users/xiaruonan/nihongo-art-work/desktop-v1/docs/art/desktop-v1/evidence/shop-cycles-neutral.png'
Time: 00:19.32 (Saving: 00:00.20)


Blender quit
